Universal Orlando Resort	Internship - Data Scientist, Commercial Audience Science (Spring 2027)	Orlando, FL	Spring 2027	https://jobs.universalparks.com/job/23491769/internship-data-scientist-commercial-audience-science-spring-2027-orlando-fl/	AI/ML/Data,Hospitality
Universal Orlando Resort	Internship - Graphic Design & Project Management, Food & Beverage (Spring 2027)	Orlando, FL	Spring 2027	https://jobs.universalparks.com/job/23491791/internship-graphic-design-project-management-food-beverage-spring-2027-orlando-fl/	Hospitality,Product
Universal Orlando Resort	Internship - Event Management (Spring 2027)	Orlando, FL	Spring 2027	https://jobs.universalparks.com/job/23491758/internship-event-management-spring-2027-orlando-fl/	Hospitality
Universal Orlando Resort	Internship - Security Technology Projects (Spring 2027)	Orlando, FL	Spring 2027	https://jobs.universalparks.com/job/23491797/internship-security-technology-projects-spring-2027-orlando-fl/	IT,Hospitality
Universal Orlando Resort	Internship - Engineer, Node.js Services & AI (Spring 2027)	Orlando, FL	Spring 2027	https://jobs.universalparks.com/job/23491785/internship-engineer-nodejs-services-ai-spring-2027-orlando-fl/	Software,Hospitality
Universal Orlando Resort	Internship - Visual Merchandising (Spring 2027)	Orlando, FL	Spring 2027	https://jobs.universalparks.com/job/23491760/internship-visual-merchandising-spring-2027-orlando-fl/	Retail,Hospitality
Universal Orlando Resort	Internship, Universal Creative - Engineering & Safety, Compliance & Auditing (Spring 2027)	Orlando, FL	Spring 2027	https://jobs.universalparks.com/job/23491808/internship-universal-creative-engineering-safety-compliance-auditing-spring-2027-orlando-fl/	Engineering,Hospitality
Universal Orlando Resort	Internship, Universal Creative - Architecture and Engineering Design (Spring 2027)	Orlando, FL	Spring 2027	https://jobs.universalparks.com/job/23491807/internship-universal-creative-architecture-and-engineering-design-spring-2027-orlando-fl/	RealEstate,Engineering,Hospitality
Universal Orlando Resort	Internship, Universal Creative - Engineering Safety Controls & Virtual Commissioning (Spring 2027)	Orlando, FL	Spring 2027	https://jobs.universalparks.com/job/23491802/internship-universal-creative-engineering-safety-controls-virtual-commissioning-spring-2027-orlando-fl/	Engineering,Hospitality
Royal Caribbean Group	Intern, Finance (Summer 2027)	Miami, FL	Summer 2027	https://jobs.royalcaribbeangroup.com/job/Miami-Intern%2C-Finance-%28Summer-2027%29-FL-33132/1420559900/	Finance,Hospitality
Disney	Accounting & Finance Rotation Program Internship, Summer 2027	Burbank, CA; Glendale, CA; Celebration, FL	Summer 2027	https://www.disneycareers.com/en/job/burbank/accounting-and-finance-rotation-program-internship-summer-2027/391/100010094960	Finance,Media
Disney	Disney Central Operations Support Intern, Spring 2027	Orlando, FL	Spring 2027	https://www.disneycareers.com/en/job/orlando/disney-central-operations-support-intern-spring-2027/391/100955813568	Hospitality,Business
Disney	Disneyland Resort Industrial Engineering Intern, Summer 2027	Anaheim, CA	Summer 2027	https://www.disneycareers.com/en/job/anaheim/disneyland-resort-industrial-engineering-intern-summer-2027/391/100603865040	Engineering,Hospitality
Disney	Disney Kids and Family Production Management Intern, Spring 2027	Glendale, CA	Spring 2027	https://www.disneycareers.com/en/job/glendale/disney-kids-and-family-production-management-intern-spring-2027/391/100941608464	Media
Disney	Production Admin Intern, Spring 2027	Burbank, CA	Spring 2027	https://www.disneycareers.com/en/job/burbank/production-admin-intern-spring-2027/391/100941607968	Media
Disney	Disneyland Cybersecurity Intern, Spring 2027	Anaheim, CA	Spring 2027	https://www.disneycareers.com/en/job/anaheim/disneyland-cybersecurity-intern-spring-2027/391/100479622720	IT,Hospitality
Disney	Disney Live Entertainment Talent Casting Intern, Spring 2027	Kissimmee, FL	Spring 2027	https://www.disneycareers.com/en/job/kissimmee/disney-live-entertainment-talent-casting-intern-spring-2027/391/100781468160	Media,Hospitality
Disney	WDI Project Coordination Intern, Spring 2027	Lake Buena Vista, FL	Spring 2027	https://www.disneycareers.com/en/job/lake-buena-vista/wdi-project-coordination-intern-spring-2027/391/99653749616	Business,Hospitality
Disney	WDI Master Planning Intern, Glendale, Spring 2027	Glendale, CA	Spring 2027	https://www.disneycareers.com/en/job/glendale/wdi-master-planning-intern-glendale-spring-2027/391/100739591808	RealEstate,Hospitality
Disney	Marvel Business Affairs and Legal JD Intern, Spring 2027	California	Spring 2027	https://www.disneycareers.com/en/job/california/marvel-business-affairs-and-legal-jd-intern-spring-2027/391/100339616320	Legal,Media
Disney	KABC-TV (ABC7) Digital News Intern, Spring 2027	Glendale, CA	Spring 2027	https://www.disneycareers.com/en/job/glendale/kabc-tv-abc7-digital-news-intern-spring-2027/391/101376626512	Media
Disney	ABC Owned TV Stations Content Intern, Spring 2027	Glendale, CA	Spring 2027	https://www.disneycareers.com/en/job/glendale/abc-owned-tv-stations-content-intern-spring-2027/391/101373330336	Media
Disney	FX Advertising & Media Intern, Spring 2027	Burbank, CA	Spring 2027	https://www.disneycareers.com/en/job/burbank/fx-advertising-and-media-intern-spring-2027/391/101368729728	Marketing,Media
Disney	FX Publicity Intern, Spring 2027	Burbank, CA	Spring 2027	https://www.disneycareers.com/en/job/burbank/fx-publicity-intern-spring-2027/391/101359190144	Marketing,Media
Disney	Instructional Design Intern, Sales Learning Services, Spring 2027	Celebration, FL	Spring 2027	https://www.disneycareers.com/en/job/celebration/instructional-design-intern-sales-learning-services-spring-2027/391/100955813552	HR,Hospitality
Disney	Disney Live Entertainment Costume Buying Intern, Spring 2027	Orlando, FL	Spring 2027	https://www.disneycareers.com/en/job/orlando/disney-live-entertainment-costume-buying-intern-spring-2027/391/101325944016	Retail,Hospitality,Media
Disney	KABC-TV (ABC7) Content Development Intern, Spring 2027	Glendale, CA	Spring 2027	https://www.disneycareers.com/en/job/glendale/kabc-tv-abc7-content-development-intern-spring-2027/391/101320679440	Media
Disney	FX Design & VFX Intern, Spring 2027	Burbank, CA	Spring 2027	https://www.disneycareers.com/en/job/burbank/fx-design-and-vfx-intern-spring-2027/391/100811741440	Product,Media
Disney	WABC-TV (ABC7) Digital Intern, Spring 2027	New York, NY	Spring 2027	https://www.disneycareers.com/en/job/new-york/wabc-tv-abc7-digital-intern-spring-2027/391/100946063376	Media
Disney	Disney Live Entertainment Costume Production Intern, Spring 2027	Anaheim, CA	Spring 2027	https://www.disneycareers.com/en/job/anaheim/disney-live-entertainment-costume-production-intern-spring-2027/391/100634904528	Media,Hospitality
Disney	Travel Agency Sales Intern, Spring 2027	Celebration, FL	Spring 2027	https://www.disneycareers.com/en/job/celebration/travel-agency-sales-intern-spring-2027/391/100966794608	Sales,Hospitality
Disney	Marketplace & Portfolio Insights Intern, Spring 2027	New York, NY	Spring 2027	https://www.disneycareers.com/en/job/new-york/marketplace-and-portfolio-insights-intern-spring-2027/391/101297237376	Marketing,AI/ML/Data
Disney	Marvel and Lucasfilm Product Design (Hardlines) Intern, Spring 2027	Glendale, CA	Spring 2027	https://www.disneycareers.com/en/job/glendale/marvel-and-lucasfilm-product-design-hardlines-intern-spring-2027/391/101280659392	Product,Retail
Disney	Product Design (Accessories) Intern, Spring 2027	Glendale, CA	Spring 2027	https://www.disneycareers.com/en/job/glendale/product-design-accessories-intern-spring-2027/391/101275223024	Product,Retail
Disney	FX Original Programming Intern, Spring 2027	Burbank, CA	Spring 2027	https://www.disneycareers.com/en/job/burbank/fx-original-programming-intern-spring-2027/391/100971999504	Media
Disney	Data Analyst Intern, Global Security Control Center, Spring 2027	Burbank, CA	Spring 2027	https://www.disneycareers.com/en/job/burbank/data-analyst-intern-global-security-control-center-spring-2027/391/101138792160	AI/ML/Data
Disney	WLS-TV (ABC7) I-Team Consumer Intern, Spring 2027	Chicago, IL	Spring 2027	https://www.disneycareers.com/en/job/chicago/wls-tv-abc7-i-team-consumer-intern-spring-2027/391/100671427760	Media
Disney	LIVE! with Kelly and Mark Production Intern, Spring 2027	New York, NY	Spring 2027	https://www.disneycareers.com/en/job/new-york/live-with-kelly-and-mark-production-intern-spring-2027/391/100955813408	Media
Disney	WLS-TV (ABC7) News Intern, Spring 2027	Chicago, IL	Spring 2027	https://www.disneycareers.com/en/job/chicago/wls-tv-abc7-news-intern-spring-2027/391/100731517120	Media
Disney	KFSN-TV (ABC30) Newsroom Intern, Spring 2027	Fresno, CA	Spring 2027	https://www.disneycareers.com/en/job/fresno/kfsn-tv-abc30-newsroom-intern-spring-2027/391/101116124288	Media
Disney	Disney Parks International Franchise and Commercial Strategy Graduate Intern, Spring 2027	Glendale, CA	Spring 2027	https://www.disneycareers.com/en/job/glendale/disney-parks-international-franchise-and-commercial-strategy-graduate-intern-spring-2027/391/101107920896	Business,Hospitality
Disney	Disney Kids & Family Live Action Original Series Intern, Spring 2027	Burbank, CA	Spring 2027	https://www.disneycareers.com/en/job/burbank/disney-kids-and-family-live-action-original-series-intern-spring-2027/391/101044239328	Media
Disney	Retail Creative Intern, Spring 2027	Glendale, CA	Spring 2027	https://www.disneycareers.com/en/job/glendale/retail-creative-intern-spring-2027/391/101011576784	Retail,Marketing
Disney	Disney Experiences Commercial Integration Intern, Spring 2027	Celebration, FL	Spring 2027	https://www.disneycareers.com/en/job/celebration/disney-experiences-commercial-integration-intern-spring-2027/391/100966794896	Marketing,Hospitality
Disney	KABC Digital News Intern, ABC7 en Español, Spring 2027	Glendale, CA	Spring 2027	https://www.disneycareers.com/en/job/glendale/kabc-digital-news-intern-abc7-en-espanol-spring-2027/391/100960550576	Media
Disney	KGO-TV (ABC7) Assignment Desk News Intern, Spring 2027	San Francisco, CA	Spring 2027	https://www.disneycareers.com/en/job/san-francisco/kgo-tv-abc7-assignment-desk-news-intern-spring-2027/391/100793007888	Media
Disney	KGO-TV (ABC7) 7 On Your Side Intern, Spring 2027	San Francisco, CA	Spring 2027	https://www.disneycareers.com/en/job/san-francisco/kgo-tv-abc7-7-on-your-side-intern-spring-2027/391/100793007824	Media
Marriott International	Intern, Learning Delivery (Jan-June 2027)	See posting	Spring 2027	https://careers.marriott.com/intern-learning-delivery-jan-june-2027/job/37F9A3E0ED958DC72F55F965EC086171	HR,Hospitality
Marriott International	Intern, Destination & Loyalty Marketing (Jan-June 2027)	See posting	Spring 2027	https://careers.marriott.com/intern-destination-loyalty-marketing-jan-june-2027/job/DF2CB33D0E6A0041EB9B78E89A579C36	Marketing,Hospitality
Marriott International	Intern, HR Operations (Jan-June 2027)	See posting	Spring 2027	https://careers.marriott.com/intern-hr-operations-jan-june-2027/job/04BA5AFDB7918D24FED08F6061135477	HR,Hospitality
Marriott International	Butler University Intern - Summer 2027	Park City, UT	Summer 2027	https://careers.marriott.com/butler-university-intern-us-summer-2027/job/P1-6686344-0	Hospitality
Marriott International	Culinary Intern	Portland, OR	Summer 2027	https://careers.marriott.com/culinary-intern/job/P1-6661863-0	Hospitality
Marriott International	Food & Beverage Intern	Portland, OR	Summer 2027	https://careers.marriott.com/food-beverage-intern/job/P1-6661983-0	Hospitality
Marriott International	Food & Beverage Intern Summer 2027	Pittsburgh, PA	Summer 2027	https://careers.marriott.com/food-beverage-intern-summer-2027/job/P1-6680050-0	Hospitality
Marriott International	Food and Beverage Intern	Newport Beach, CA	Summer 2027	https://careers.marriott.com/food-and-beverage-intern/job/P1-6914735-0	Hospitality
Marriott International	Food and Beverage Intern	Bellevue, WA	Summer 2027	https://careers.marriott.com/food-and-beverage-intern/job/P1-6724226-0	Hospitality
Marriott International	Food and Beverage Summer Intern	Denver, CO	Summer 2027	https://careers.marriott.com/food-and-beverage-summer-intern/job/P1-6707119-0	Hospitality
Marriott International	Front Desk University Intern - Summer 2027	Park City, UT	Summer 2027	https://careers.marriott.com/front-desk-university-intern-us-summer-2027/job/P1-6686392-0	Hospitality
Marriott International	Front Desk University Intern - Winter 2026/27	Park City, UT	Winter 2027	https://careers.marriott.com/front-desk-university-intern-us-winter-2026-27/job/P1-6686366-0	Hospitality
Marriott International	Front Office Intern	Bellevue, WA	Summer 2027	https://careers.marriott.com/front-office-intern/job/P1-6724212-0	Hospitality
Marriott International	Front Office Intern	Portland, OR	Summer 2027	https://careers.marriott.com/front-office-intern/job/P1-6661853-0	Hospitality
Marriott International	Front Office Intern Summer 2027	Pittsburgh, PA	Summer 2027	https://careers.marriott.com/front-office-intern-summer-2027/job/P1-6676946-0	Hospitality
Marriott International	Front Office Summer Intern	Denver, CO	Summer 2027	https://careers.marriott.com/front-office-summer-intern/job/P1-6707116-0	Hospitality
Marriott International	Front of the House Intern	Tallahassee, FL	Summer 2027	https://careers.marriott.com/front-of-the-house-intern/job/P1-6843380-0	Hospitality
Hershey Entertainment & Resorts	Hersheypark Leadership Development Internship	Hershey, PA	Summer 2027	https://www.hersheyentertainmentandresorts.com/careers/leadership-development/	Hospitality
Hershey Entertainment & Resorts	Hospitality Internship Program	Hershey, PA	Summer 2027	https://www.hersheyentertainmentandresorts.com/careers/hospitality-internships/	Hospitality
Marriott International	Housekeeping/Rooms Intern Summer 2027	Pittsburgh, PA	Summer 2027	https://careers.marriott.com/housekeeping-rooms-intern-summer-2027/job/P1-6676958-0	Hospitality
Marriott International	Human Resources Intern - Summer 2027	Kahuku, HI	Summer 2027	https://careers.marriott.com/human-resources-intern-summer-2027/job/P1-6817767-0	HR,Hospitality
Marriott International	Recreation Intern F&B	Newport Beach, CA	Summer 2027	https://careers.marriott.com/recreation-intern-f-b/job/P1-6884354-0	Hospitality
Marriott International	Retail Intern - Summer 2027	Kahuku, HI	Summer 2027	https://careers.marriott.com/retail-intern-summer-2027/job/P1-6817756-0	Retail,Hospitality
Marriott International	Room Operations Intern	Cambridge, MA	Summer 2027	https://careers.marriott.com/room-operations-intern/job/P1-6628456-0	Hospitality
Marriott International	Rooms Intern	New York, NY	Summer 2027	https://careers.marriott.com/rooms-intern/job/P1-6661900-0	Hospitality
Marriott International	Sales and Marketing Intern	New York, NY	Summer 2027	https://careers.marriott.com/sales-and-marketing-intern/job/P1-6897336-0	Marketing,Sales,Hospitality
Marriott International	Summer College Intern	St. Louis, MO	Summer 2027	https://careers.marriott.com/summer-college-intern/job/P1-6821413-0	Hospitality
Marriott International	University Intern - CALA	Dorado, PR	Summer 2027	https://careers.marriott.com/university-intern-cala/job/P1-6553053-0	Hospitality
Marriott International	University Intern - Hotel Operations	Irvine, CA	Summer 2027	https://careers.marriott.com/university-intern-hotel-operations/job/P1-6661870-0	Hospitality
Marriott International	University Intern - US	New York, NY	Summer 2027	https://careers.marriott.com/university-intern-us/job/P1-7060365-0	Hospitality
Marriott International	University Intern - US	Alexandria, VA	Summer 2027	https://careers.marriott.com/university-intern-us/job/P1-6668986-0	Hospitality
