Utah Jazz	Basketball Analytics Intern (Summer 2027)	Salt Lake City, UT	Summer 2027	https://www.teamworkonline.com/basketball-jobs/utah-jazz-jobs/utah-jazz/basketball-analytics-intern-current-student-summer-2027-2192629	Sports,AI/ML/Data
Phoenix Suns	Intern, Ticket Sales & Service	Phoenix, AZ	Spring 2027|Summer 2027	https://www.teamworkonline.com/basketball-jobs/phoenix-suns/phoenix-suns/intern-ticket-sales-service-2192621	Sports,Sales
Sacramento River Cats	Special Events Intern	West Sacramento, CA	Spring 2027|Summer 2027	https://www.teamworkonline.com/baseball-jobs/sacramento-river-cats-jobs/sacramento-river-cats/special-events-intern-river-cats-2192611	Sports,Hospitality
Hagerstown Flying Boxcars	College Intern	Hagerstown, MD	Spring 2027|Summer 2027	https://www.teamworkonline.com/baseball-jobs/atlanticleague/hagerstown-alpb-jobs/college-intern-2192603	Sports
AEG Presents	CMN Internship (Touring)	Chicago, IL	Spring 2027|Summer 2027	https://www.teamworkonline.com/multiple-properties/aeg-sports/aeg-presents/cmn-internship-touring-2192570	Music,Hospitality
The Tournament (TBT)	Graphic Design Marketing Internship	Cary, NC (Remote)	Spring 2027|Summer 2027	https://www.teamworkonline.com/basketball-jobs/tbt-jobs/tbt-jobs/graphic-design-marketing-internship-2192550	Sports,Marketing,Product
Philadelphia Union	Spring 2027 Student Internship (January - May)	Chester, PA	Spring 2027	https://www.teamworkonline.com/soccer-jobs/mls/philadelphia-union/spring-2027-student-internship-january-may-2192519	Sports
The Tournament (TBT)	Spanish Language Marketing/Public Relations Internship	Cary, NC (Hybrid)	Spring 2027|Summer 2027	https://www.teamworkonline.com/basketball-jobs/tbt-jobs/tbt-jobs/spanish-language-marketing-public-relations-internship-2192549	Sports,Marketing
The Tournament (TBT)	Local Marketing Intern	Cary, NC (Hybrid)	Spring 2027|Summer 2027	https://www.teamworkonline.com/basketball-jobs/tbt-jobs/tbt-jobs/local-marketing-intern-2192547	Sports,Marketing
Orlando Valkyries (Major League Volleyball)	Intern, Volleyball Operations	Orlando, FL	Spring 2027|Summer 2027	https://www.teamworkonline.com/other-sports-jobs/mlv-jobs/mlv-orlando-jobs/intern-volleyball-operations-2189830	Sports
Roger Dean Chevrolet Stadium	In Game Production Intern	Jupiter, FL	Spring 2027	https://www.teamworkonline.com/baseball-jobs/baseballjobs/roger-dean-stadium-29484/in-game-production-intern-2192526	Sports,Media
INDYCAR	INDYCAR Engineering Intern, 2027 Season	Indianapolis, IN	Spring 2027|Summer 2027	https://www.teamworkonline.com/motorsports-jobs/penske-entertainment/indy-car-jobs/indycar-engineering-intern-2027-season-2192523	Sports,Mechanical
Roger Dean Chevrolet Stadium	Broadcasting and Media Relations Intern	Jupiter, FL	Spring 2027	https://www.teamworkonline.com/baseball-jobs/baseballjobs/roger-dean-stadium-29484/broadcasting-and-media-relations-intern-2192516	Sports,Media
Salem City FC	Social Media Intern	Winston Salem, NC (Hybrid)	Spring 2027|Summer 2027	https://www.teamworkonline.com/soccer-jobs/usl-soccer-jobs/salem-city-fc-jobs/social-media-intern-2192512	Sports,Marketing
Wisconsin Timber Rattlers	Hospitality Group Event Coordinator Internship	Appleton, WI	Summer 2027	https://www.teamworkonline.com/baseball-jobs/midwestleague/wisconsin-timber-rattlers/hospitality-group-event-coordinator-internship-2192469	Sports,Hospitality
Wisconsin Timber Rattlers	Promotions Marketing Internship	Appleton, WI	Summer 2027	https://www.teamworkonline.com/baseball-jobs/midwestleague/wisconsin-timber-rattlers/promotions-marketing-internship-2192449	Sports,Marketing
Sonoma Stompers	Stadium Operations Intern	Sonoma, CA	Summer 2027	https://www.teamworkonline.com/baseball-jobs/minorleaguebaseballjobs/sonoma-stompers-jobs/stadium-operations-intern-2192448	Sports
Wisconsin Timber Rattlers	Field Operations Internship	Appleton, WI	Summer 2027	https://www.teamworkonline.com/baseball-jobs/midwestleague/wisconsin-timber-rattlers/field-operations-internship-2192447	Sports
Wisconsin Timber Rattlers	Stadium Operations Internship	Appleton, WI	Summer 2027	https://www.teamworkonline.com/baseball-jobs/midwestleague/wisconsin-timber-rattlers/stadium-operations-internship-2192445	Sports
PrizePicks	Fraud Analytics Internship - Spring 2027	Atlanta, GA	Spring 2027	https://www.teamworkonline.com/sports-technology-jobs/prize-picks/prizepicks-jobs/fraud-analytics-internship-spring-2027-2192437	Sports,AI/ML/Data
PrizePicks	Product Analytics Internship - Spring 2027	Atlanta, GA	Spring 2027	https://www.teamworkonline.com/sports-technology-jobs/prize-picks/prizepicks-jobs/product-analytics-internship-spring-2027-2192438	Sports,AI/ML/Data,Product
PrizePicks	Software Engineering Internship - Summer 2027	Atlanta, GA	Summer 2027	https://www.teamworkonline.com/sports-technology-jobs/prize-picks/prizepicks-jobs/software-engineering-internship-summer-2027-2191092	Software,Sports
Roger Dean Chevrolet Stadium	Ticket Office Intern	Jupiter, FL	Spring 2027	https://www.teamworkonline.com/baseball-jobs/baseballjobs/roger-dean-stadium-29484/ticket-office-intern-2192433	Sports,Sales
Lake Country DockHounds	Hounds Game Day Intern	Oconomowoc, WI	Summer 2027	https://www.teamworkonline.com/baseball-jobs/aapb/lake-country-dockhounds-jobs/hounds-game-day-intern-2192430	Sports
USA Water Polo	Media & Content Internship (College Credit)	Irvine, CA (Hybrid)	Spring 2027|Summer 2027	https://www.teamworkonline.com/olympic-jobs/usngbjobs/usa-water-polo/media-content-internship-college-credit-2192413	Sports,Media
Official League	Production & Creative Intern	Portland, OR	Spring 2027|Summer 2027	https://www.teamworkonline.com/agency-jobs/collide-agency/official-league-jobs/production-creative-intern-official-league-2192403	Sports,Media,Marketing
TPC Network	Golf Shop Summer Intern 2027	Norton, MA	Summer 2027	https://www.teamworkonline.com/golf-tennis-jobs/pgatour/tpc-network-jobs/golf-shop-summer-intern-2027-2192388	Sports,Retail
EL1	Sports Performance Technology Intern	Tacoma, WA; Seattle, WA	Spring 2027|Summer 2027	https://www.teamworkonline.com/youth-sports-jobs/el1-jobs/el1-jobs/sports-performance-technology-intern-2192358	Sports,Healthcare
Six Flags	Human Resource Spring Internship	Allentown, PA	Spring 2027	https://www.teamworkonline.com/entertainment-jobs/six-flags-jobs-careers/six-flags/human-resource-spring-internship-2192323	HR,Hospitality
Reading Royals	Marketing & Ticket Sales Intern Summer 2027	Reading, PA	Summer 2027	https://www.teamworkonline.com/hockey-jobs/echl/reading-royals/marketing-ticket-sales-intern-summer-2027-2192280	Sports,Marketing,Sales
Wisconsin Timber Rattlers	Hospitality Operations Internship	Appleton, WI	Summer 2027	https://www.teamworkonline.com/baseball-jobs/midwestleague/wisconsin-timber-rattlers/hospitality-operations-internship-2192258	Sports,Hospitality
Buffalo Sabres	Cybersecurity Analyst Intern	Buffalo, NY	Spring 2027|Summer 2027	https://www.teamworkonline.com/hockey-jobs/buffalosports/buffalo-sabres-29560/cybersecurity-analyst-intern-2192255	IT,Sports
REV Entertainment	Intern, REV Accounting	Arlington, TX	Spring 2027|Summer 2027	https://www.teamworkonline.com/arenas-facilities-jobs/rev-entertainment/rev-entertainment-jobs/intern-rev-accounting-2192249	Finance,Sports
FC Ambush	Spring 2027 Marketing & Social Media Internship	St. Charles, MO	Spring 2027	https://www.teamworkonline.com/soccer-jobs/usl-soccer-jobs/fc-ambush-jobs/spring-2027-marketing-social-media-internship-2192247	Sports,Marketing
Hurricane Junior Golf Tour	Spring 2027 Internship - Golf Tournament Operations (travel & housing included)	Orlando, FL and other cities	Spring 2027	https://www.teamworkonline.com/golf-tennis-jobs/hjgt-jobs/hurricane-junior-golf-tour/spring-2027-internship-golf-tournament-operations-free-travel-and-housing-2192230	Sports,Hospitality
Bristol Blues	2027 Broadcast Team Intern	Bristol, CT	Summer 2027	https://www.teamworkonline.com/baseball-jobs/necbl-jobs/necbl-jobs/2027-broadcast-team-intern-2192229	Sports,Media
New England Collegiate Baseball League	2027 Marketing and Promotions Intern - Bristol Blues	Bristol, CT (Hybrid)	Summer 2027	https://www.teamworkonline.com/baseball-jobs/necbl-jobs/necbl-jobs/2027-marketing-and-promotions-intern-bristol-blues-2192223	Sports,Marketing
Fond du Lac Dock Spiders	Social Media Intern (Spring Semester)	Fond du Lac, WI	Spring 2027	https://www.teamworkonline.com/baseball-jobs/midwestleague/wisconsin-timber-rattlers/social-media-intern-spring-semester-2192145	Sports,Marketing
Long Island Ducks	2027 Spring Semester College Credit Externship	Central Islip, NY	Spring 2027	https://www.teamworkonline.com/arenas-facilities-jobs/rev-entertainment/long-island-ducks/2027-spring-semester-college-credit-externship-education-program-2192132	Sports
Wisconsin Timber Rattlers	Graphic Design & Photography Internship	Appleton, WI	Summer 2027	https://www.teamworkonline.com/baseball-jobs/midwestleague/wisconsin-timber-rattlers/graphic-design-photography-internship-2192129	Sports,Product,Media
Wisconsin Rapids Rafters	Retail Sales Internship	Wisconsin Rapids, WI	Summer 2027	https://www.teamworkonline.com/baseball-jobs/northwoodsleague/wisconsin-rapids-rafters/retail-sales-internship-2192128	Sports,Retail
Wisconsin Timber Rattlers	Social Media Marketing Internship	Appleton, WI	Summer 2027	https://www.teamworkonline.com/baseball-jobs/midwestleague/wisconsin-timber-rattlers/social-media-marketing-internship-2192126	Sports,Marketing
Wisconsin Timber Rattlers	Ticket Sales Internship	Appleton, WI	Summer 2027	https://www.teamworkonline.com/baseball-jobs/midwestleague/wisconsin-timber-rattlers/ticket-sales-internship-2192125	Sports,Sales
Wisconsin Rapids Rafters	Food and Beverage Concessions Internship	Wisconsin Rapids, WI	Summer 2027	https://www.teamworkonline.com/baseball-jobs/northwoodsleague/wisconsin-rapids-rafters/food-and-beverage-concessions-internship-2192124	Sports,Hospitality
St. Louis City SC	Intern, Community Relations	St. Louis, MO	Spring 2027|Summer 2027	https://www.teamworkonline.com/soccer-jobs/st-louis-city-sc/mls-st-louis/intern-community-relations-2192114	Sports,Nonprofit,Marketing
Lake Country DockHounds	Broadcast Journalism Intern	Oconomowoc, WI	Summer 2027	https://www.teamworkonline.com/baseball-jobs/aapb/lake-country-dockhounds-jobs/broadcast-journalism-intern-2192101	Sports,Media
Wisconsin Rapids Rafters	2027 Hospitality and Events Internship	Wisconsin Rapids, WI	Summer 2027	https://www.teamworkonline.com/baseball-jobs/northwoodsleague/wisconsin-rapids-rafters/2027-hospitality-and-events-internship-2191951	Sports,Hospitality
James Hardie Pro Football Hall of Fame Invitational	Marketing & Social Media Internship	Boca Raton, FL	Spring 2027	https://www.teamworkonline.com/golf-tennis-jobs/pgatour/hardie-phof-invitational/marketing-social-media-internship-2192068	Sports,Marketing
James Hardie Pro Football Hall of Fame Invitational	Special Events and Pro-Am Internship	Boca Raton, FL	Spring 2027	https://www.teamworkonline.com/golf-tennis-jobs/pgatour/hardie-phof-invitational/special-events-and-pro-am-internship-2192074	Sports,Hospitality
James Hardie Pro Football Hall of Fame Invitational	Operations Internship	Boca Raton, FL	Spring 2027	https://www.teamworkonline.com/golf-tennis-jobs/pgatour/hardie-phof-invitational/operations-internship-2192078	Sports,Business
James Hardie Pro Football Hall of Fame Invitational	Sponsorship Activation & Ticketing Services Internship	Boca Raton, FL	Spring 2027	https://www.teamworkonline.com/golf-tennis-jobs/pgatour/hardie-phof-invitational/sponsorship-activation-ticketing-services-internship-2192080	Sports,Sales
James Hardie Pro Football Hall of Fame Invitational	Volunteer Services Internship	Boca Raton, FL	Spring 2027	https://www.teamworkonline.com/golf-tennis-jobs/pgatour/hardie-phof-invitational/volunteer-services-internship-2192053	Sports,Nonprofit
Diamond Baseball League	Spring Intern	Sedalia, MO; Hastings, NE; other cities	Spring 2027	https://www.teamworkonline.com/baseball-jobs/diamond-baseball-league/diamond-baseball-league-jobs/spring-intern-2191068	Sports
FC Tulsa	Creative & Marketing Intern	Tulsa, OK	Spring 2027|Summer 2027	https://www.teamworkonline.com/soccer-jobs/usl-soccer-jobs/fc-tulsa-jobs/creative-marketing-intern-2192029	Sports,Marketing
FC Tulsa	Communications Intern	Tulsa, OK	Spring 2027|Summer 2027	https://www.teamworkonline.com/soccer-jobs/usl-soccer-jobs/fc-tulsa-jobs/communications-intern-2192022	Sports,Marketing,Media
Lakeshore Chinooks	Athletic Training Intern	Mequon, WI	Summer 2027	https://www.teamworkonline.com/baseball-jobs/northwoodsleague/lakeshore-chinooks/athletic-training-intern-lakeshore-chinooks-2192010	Sports,Healthcare
Lakeshore Chinooks	Baseball Operations Intern	Mequon, WI	Summer 2027	https://www.teamworkonline.com/baseball-jobs/northwoodsleague/lakeshore-chinooks/baseball-operations-intern-lakeshore-chinooks-2192009	Sports
Lakeshore Chinooks	Marketing & Community Relations Intern	Mequon, WI	Summer 2027	https://www.teamworkonline.com/baseball-jobs/northwoodsleague/lakeshore-chinooks/marketing-community-relations-intern-lakeshore-chinooks-2192003	Sports,Marketing
Lakeshore Chinooks	Photography/Videography Intern	Mequon, WI	Summer 2027	https://www.teamworkonline.com/baseball-jobs/northwoodsleague/lakeshore-chinooks/photography-videography-intern-lakeshore-chinooks-2192002	Sports,Media
USGA	2027 Short-Term U.S. Women's Open Operations Intern	See posting	Summer 2027	https://www.teamworkonline.com/golf-tennis-jobs/usga-jobs/usga-jobs/2027-short-term-u-s-women-s-open-operations-intern-2191405	Sports,Hospitality
Pittsburgh Penguins	Digital Internship (Spring 2027)	Pittsburgh, PA	Spring 2027	https://www.teamworkonline.com/hockey-jobs/pittsburgh-penguins/pittsburgh-penguins/digital-internship-spring-2027-2186925	Sports,Marketing,Media
Orlando Pirates	Football Operations Internship Spring/Summer 2027	Orlando, FL	Spring 2027|Summer 2027	https://www.teamworkonline.com/football-jobs/indoorfootball-league-jobs/orlando-pirates-jobs/football-operations-internship-spring-summer-2027-2182261	Sports
Colorado Golf Association	2027 Summer Golf Rules & Competitions Internship	Colorado	Summer 2027	https://www.teamworkonline.com/golf-tennis-jobs/golf-jobs/colorado-golf-association/2027-summer-cga-golf-rules-competitions-internship-2191864	Sports
PwC	Assurance Financial Markets & Real Estate (FMRE) Intern - Winter 2027	Boston, MA	Winter 2027	https://jobs.us.pwc.com/job/boston/assurance-financial-markets-and-real-estate-fmre-intern-winter-2027/932/85426148272	Finance
PwC	Assurance Financial Markets & Real Estate (FMRE) Intern - Summer 2027	Boston, MA	Summer 2027	https://jobs.us.pwc.com/job/boston/assurance-financial-markets-and-real-estate-fmre-intern-summer-2027/932/91552834352	Finance,RealEstate
PwC	Tax Chinese Business Network Intern - Summer 2027 (Destination CPA)	Los Angeles, CA	Summer 2027	https://jobs.us.pwc.com/job/los-angeles/tax-chinese-business-network-cbn-intern-summer-2027-destination-cpa/932/85446770336	Finance
PwC	Tax Korean Business Network Intern - Summer 2027 (Destination CPA)	Los Angeles, CA	Summer 2027	https://jobs.us.pwc.com/job/los-angeles/tax-korean-business-network-kbn-intern-summer-2027-destination-cpa/932/85446770672	Finance
PwC	Audit Japanese Business Network Intern - Summer 2027 (Destination CPA)	Chicago, IL	Summer 2027	https://jobs.us.pwc.com/en/job/chicago/audit-japanese-business-network-jbn-intern-summer-2027-destination-cpa/932/85153914160	Finance
PwC	Audit Korean Business Network Intern - Summer 2027 (Destination CPA)	Los Angeles, CA	Summer 2027	https://jobs.us.pwc.com/job/los-angeles/audit-korean-business-network-kbn-intern-summer-2027-destination-cpa/932/85446771632	Finance
PwC	Audit Intern - Summer 2027 (Destination CPA)	San Francisco, CA	Summer 2027	https://jobs.us.pwc.com/job/san-francisco/audit-intern-summer-2027-destination-cpa/932/85153914320	Finance
PwC	Tax Intern - Winter 2027 (Destination CPA)	Cleveland, OH	Winter 2027	https://jobs.us.pwc.com/job/cleveland/tax-intern-winter-2027-destination-cpa/932/85153914224	Finance
PwC	Audit Intern - Winter 2027 (Destination CPA)	Melville, NY	Winter 2027	https://jobs.us.pwc.com/job/melville/audit-intern-winter-2027-destination-cpa/932/85153914384	Finance
Deloitte	Tax Consultant Intern (Accounting) - Summer 2027	Multiple Locations	Summer 2027	https://apply.deloitte.com/en_US/careers/JobDetail/Tax-Consultant-Intern-Accounting-Summer-2027/304171	Finance
Deloitte	Tax Intern - Accounting - Summer 2027	Multiple Locations	Summer 2027	https://apply.deloitte.com/en_US/careers/JobDetail/Tax-Tax-Intern-Accounting-Summer-2027/364861	Finance
Deloitte	Tax Intern - Transfer Pricing - Summer 2027	Multiple Locations	Summer 2027	https://apply.deloitte.com/en_US/careers/JobDetail/Tax-Tax-Intern-Transfer-Pricing-Summer-2027/364100	Finance,Consulting
Deloitte	Audit & Assurance Intern - Financial Statement Audit - Summer 2027	Multiple Locations	Summer 2027	https://apply.deloitte.com/en_US/careers/JobDetail/Audit-Assurance-Intern-Financial-Statement-Audit-Summer-2027/360314	Finance
Deloitte	Audit & Assurance Intern - Business Process Controls Advisory - Summer 2027	Multiple Locations	Summer 2027	https://apply.deloitte.com/en_US/careers/JobDetail/Audit-Assurance-Intern-Business-Process-Controls-Advisory-Summer-2027/361291	Finance,Consulting
Deloitte	Summer Associate - Internal Strategy - Summer 2027	New York, NY	Summer 2027	https://apply.deloitte.com/en_US/careers/JobDetail/Internal-Services-Summer-Associate-Internal-Strategy-Summer-2027/367722	Consulting,Business
Deloitte	Summer Scholar - AI Innovation	Multiple Locations	Summer 2027	https://apply.deloitte.com/en_US/careers/JobDetail/Consultative-Offerings-Summer-Scholar-AI-Innovation/364696	Consulting,AI/ML/Data
Deloitte	Tax Intern - Accounting - Summer 2028	Multiple Locations	Summer 2028	https://apply.deloitte.com/en_US/careers/JobDetail/Tax-Tax-Intern-Accounting-Summer-2028/362622	Finance
Deloitte	Audit & Assurance Intern - Data & Analytics - Summer 2027	Multiple Locations	Summer 2027	https://apply.deloitte.com/en_US/careers/JobDetail/Audit-Assurance-Intern-Data-Analytics-Summer-2027/361846	Finance,AI/ML/Data
Deloitte	Audit & Assurance Intern - Risk Technology & Analytics - Summer 2027	Multiple Locations	Summer 2027	https://apply.deloitte.com/en_US/careers/JobDetail/Audit-Assurance-Intern-Risk-Technology-Analytics-Summer-2027/361848	Finance,IT
Procter & Gamble	Manufacturing Internship, Summer 2027	Saint Bernard, OH	Summer 2027	https://www.pgcareers.com/global/en/job/R000157840/Manufacturing-Internship-Summer-2027	Engineering,Business
Procter & Gamble	2027 Legal 2L Summer Intern	Cincinnati, OH	Summer 2027	https://www.pgcareers.com/eu/en/job/R000150797/2027-Legal-2L-Summer-Intern	Legal
Procter & Gamble	Engineering Internship, Summer 2027	Boston, MA	Summer 2027	https://www.pgcareers.com/us/en/job/R000157841/Engineering-Internship-Summer-2027	Engineering,Mechanical
Procter & Gamble	Sales Internship - Summer 2027	Cincinnati, OH	Summer 2027	https://www.pgcareers.com/eu/en/job/R000157756/Procter-Gamble-Sales-Internship-Summer-2027	Sales,Retail
Mayo Clinic	Undergraduate Intern - Clinical Exercise Physiologist - Cardiac	Rochester, MN	Summer 2027	https://jobs.mayoclinic.org/job/rochester/undergraduate-intern-clinical-exercise-physiologist-cardiac/33647/98812865776	Healthcare,Science
Mayo Clinic	IT Intern	Rochester, MN	Summer 2027	https://jobs.mayoclinic.org/job/rochester/it-intern/33647/95047334480	IT,Healthcare
Mayo Clinic	Intern - Undergraduate - Clinical Anatomy	Rochester, MN	Summer 2027	https://jobs.mayoclinic.org/job/rochester/intern-undergraduate-clinical-anatomy/33647/94788701728	Healthcare,Science
Mayo Clinic	Intern - Information Technology (Hybrid)	Phoenix, AZ	Summer 2027	https://jobs.mayoclinic.org/job/phoenix/intern-information-technology-hybrid/33647/94990084016	IT,Healthcare
Mayo Clinic	Intern - Data Science	Rochester, MN	Summer 2027	https://jobs.mayoclinic.org/job/rochester/intern-data-science/33647/95350784288	AI/ML/Data,Healthcare
Walmart	2027 Summer Intern: Walmart Merchandising	Bentonville, AR	Summer 2027	https://careers.walmart.com/us/en/jobs/R-2630181	Retail,Business
Walmart	Summer 2027 Corporate Intern: Global IT Audit	Bentonville, AR	Summer 2027	https://careers.walmart.com/us/en/jobs/R-2630160	Finance,IT
Walmart	Summer 2027 Intern: Software Engineer II	Bentonville, AR	Summer 2027	https://careers.walmart.com/us/en/jobs/R-2630029	Software
Walmart	Summer 2027 Corporate Intern: Accounting and Finance Development Program	Bentonville, AR	Summer 2027	https://careers.walmart.com/us/en/jobs/R-2621665	Finance
Walmart	Summer 2027 Corporate Intern: Global Audit	Bentonville, AR	Summer 2027	https://careers.walmart.com/us/en/jobs/R-2630176	Finance
Walmart	Summer 2027 MBA Intern: Finance Leadership Development Program	Bentonville, AR	Summer 2027	https://careers.walmart.com/us/en/jobs/R-2618233	Finance
