Lakeshore Chinooks	Webcast Production Intern	Mequon, WI	Spring 2027|Summer 2027	https://www.teamworkonline.com/baseball-jobs/northwoodsleague/lakeshore-chinooks/webcast-production-intern-lakeshore-chinooks-2191993	AUTO:Sports
Wisconsin Rapids Rafters	2027 Rafters Clubhouse/Field Internship	Wisconsin Rapids, WI	Spring 2027|Summer 2027	https://www.teamworkonline.com/baseball-jobs/northwoodsleague/wisconsin-rapids-rafters/2027-rafters-clubhouse-field-internship-2191991	AUTO:Sports
Fort Wayne TinCaps	Ticket Office and Group Sales Intern	Fort Wayne, IN	Spring 2027|Summer 2027	https://www.teamworkonline.com/baseball-jobs/midwestleague/fort-wayne-tincaps/ticket-office-and-group-sales-intern-2191990	AUTO:Sports
Wisconsin Rapids Rafters	2027 Field Management Internship	Wisconsin Rapids, WI	Spring 2027|Summer 2027	https://www.teamworkonline.com/baseball-jobs/northwoodsleague/wisconsin-rapids-rafters/2027-field-management-internship-2191989	AUTO:Sports
Wisconsin Rapids Rafters	2027 Ticket Office Management Internship	Wisconsin Rapids, WI	Spring 2027|Summer 2027	https://www.teamworkonline.com/baseball-jobs/northwoodsleague/wisconsin-rapids-rafters/2027-ticket-office-management-internship-2191986	AUTO:Sports
FC Tulsa	Sports Performance Intern	Tulsa, OK	Spring 2027|Summer 2027	https://www.teamworkonline.com/soccer-jobs/usl-soccer-jobs/fc-tulsa-jobs/sports-performance-intern-2191984	AUTO:Sports
DubSea Fish Sticks	Video Production Intern - Winter 2027	Seattle, WA (Hybrid)	Winter 2027	https://www.teamworkonline.com/baseball-jobs/minorleaguebaseballjobs/dub-sea-fish-sticks-jobs/video-production-intern-winter-semester-2191948	AUTO:Sports
DubSea Fish Sticks	Sports Marketing Internship - Spring 2027	Seattle, WA (Hybrid)	Spring 2027	https://www.teamworkonline.com/baseball-jobs/minorleaguebaseballjobs/dub-sea-fish-sticks-jobs/sports-marketing-internship-spring-semester-2191946	AUTO:Sports
Utah Jazz	Jazz Bantam Game Day Intern	Sandy, UT	Spring 2027|Summer 2027	https://www.teamworkonline.com/basketball-jobs/utah-jazz-jobs/utah-jazz/jazz-bantam-game-day-intern-2191929	AUTO:Sports
DS Sports	Digital Content Intern (Summer 2027)	Bellingham, MA; Yonkers, NY (Hybrid)	Summer 2027	https://www.teamworkonline.com/baseball-jobs/ds-sports/ds-sports-jobs/digital-content-intern-summer-2027-2191927	AUTO:Sports
DS Sports	Marketing & Merchandise Intern (Spring 2027)	Bellingham, MA (Hybrid)	Spring 2027	https://www.teamworkonline.com/baseball-jobs/ds-sports/ds-sports-jobs/marketing-merchandise-intern-spring-2027-2191925	AUTO:Sports
DS Sports	Game Day Operations Intern (Spring 2027)	Bellingham, MA (Hybrid)	Spring 2027	https://www.teamworkonline.com/baseball-jobs/ds-sports/ds-sports-jobs/game-day-operations-intern-spring-2027-2191918	AUTO:Sports
Lake Erie Crushers	Spring 2027 Operations Intern	Avon, OH	Spring 2027	https://www.teamworkonline.com/baseball-jobs/frontierleaguejobs/lake-erie-crushers/spring-2027-operations-intern-2191909	AUTO:Sports
FC Ambush	St. Louis Ambush Full Season Internship	St. Charles, MO	Spring 2027|Summer 2027	https://www.teamworkonline.com/soccer-jobs/usl-soccer-jobs/fc-ambush-jobs/st-louis-ambush-full-season-internship-2191898	AUTO:Sports
Valspar Championship	Valspar Championship Internship Program - Spring 2027	Palm Harbor, FL	Spring 2027	https://www.teamworkonline.com/golf-tennis-jobs/pgatour/valspar-championship-/valspar-championship-internship-program-spring-2027-2191877	AUTO:Sports
Colorado Golf Association	2027 USGA P.J. Boatwright Internship - Rules & Competitions (7-Month)	Greenwood Village, CO	Spring 2027|Summer 2027	https://www.teamworkonline.com/golf-tennis-jobs/golf-jobs/colorado-golf-association/2027-usga-p-j-boatwright-internship-golf-rules-competitions-7-month-2191863	AUTO:Sports
PGA TOUR	2027 PGA TOUR Summer Internship Program	Ponte Vedra Beach, FL	Summer 2027	https://www.teamworkonline.com/golf-tennis-jobs/pgatour/pga-tour-/2027-pga-tour-summer-internship-program-2191858	AUTO:Sports
RBC Heritage	2027 RBC Heritage Ticketing Assistant (Internship)	Hilton Head Island, SC	Spring 2027|Summer 2027	https://www.teamworkonline.com/golf-tennis-jobs/pgatour/rbc-heritage-/2027-rbc-heritage-ticketing-assistant-internship-2191843	AUTO:Sports
Lake Country DockHounds	Social Media and Marketing Lead Internship	Oconomowoc, WI	Spring 2027|Summer 2027	https://www.teamworkonline.com/baseball-jobs/aapb/lake-country-dockhounds-jobs/social-media-and-marketing-lead-internship-2191827	AUTO:Sports
Somerset Patriots	Social Media Intern	Bridgewater, NJ	Spring 2027|Summer 2027	https://www.teamworkonline.com/baseball-jobs/easternleague/somerset-patriots/social-media-intern-2191814	AUTO:Sports
Lake Country DockHounds	Game Day Hospitality Internship	Oconomowoc, WI	Spring 2027|Summer 2027	https://www.teamworkonline.com/baseball-jobs/aapb/lake-country-dockhounds-jobs/game-day-hospitality-internship-2191817	AUTO:Sports
Green Bay Packers	Community Outreach Intern	Green Bay, WI	Spring 2027|Summer 2027	https://www.teamworkonline.com/football-jobs/greenbay-packers-jobs/green-bay-packers-/community-outreach-intern-2191808	AUTO:Sports
MADE Hoops	Hospitality & Team Relations Intern (2026-27 Season)	Remote	Spring 2027|Summer 2027	https://www.teamworkonline.com/youth-sports-jobs/youth-sports-careers/made-hoops-jobs/hospitality-team-relations-intern-2026-27-season-2191797	AUTO:Sports
500 Festival	Business Administration Internship - Spring 2027	Indianapolis, IN	Spring 2027	https://www.teamworkonline.com/live-event-jobs/liveeventjobs/indianapolis-500-festival/business-administration-internship-spring-2027-2191795	AUTO:Sports
Pleasanton Rage	Event Coordinator / Fan Experience Intern (Summer 2027)	Pleasanton, CA (Hybrid)	Summer 2027	https://www.teamworkonline.com/soccer-jobs/usl-soccer-jobs/Pleasanton-Rage-jobs/event-coordinator-fan-experience-intern-summer-2027-2191752	AUTO:Sports
Lake Country DockHounds	Corporate Partnership and Activation Internship	Oconomowoc, WI	Spring 2027|Summer 2027	https://www.teamworkonline.com/baseball-jobs/aapb/lake-country-dockhounds-jobs/corporate-partnership-and-activation-internship-2191741	AUTO:Sports
Sports Force Park	Social Media & Guest Services Intern	Sandusky, OH	Spring 2027|Summer 2027	https://www.teamworkonline.com/baseball-jobs/unrivaledsports/sports-force-park-jobs/social-media-guest-services-intern-2191727	AUTO:Sports
Sports Force Park	Operations Intern	Sandusky, OH	Spring 2027|Summer 2027	https://www.teamworkonline.com/baseball-jobs/unrivaledsports/sports-force-park-jobs/operations-intern-2191726	AUTO:Sports
Wisconsin Rapids Rafters	Video Production Internship	Wisconsin Rapids, WI	Spring 2027|Summer 2027	https://www.teamworkonline.com/baseball-jobs/northwoodsleague/wisconsin-rapids-rafters/video-production-internship-2191717	AUTO:Sports
Camp Taconic	Camp Counselor - Elementary School Education Summer Internship	Hinsdale, MA	Summer 2027	https://www.teamworkonline.com/youth-sports-jobs/youth-sports-careers/camp-taconic-jobs/camp-counselor-elementary-school-education-summer-internship-2191712	AUTO:Sports
Camp Taconic	Athletics Coaching - Summer Internship	Hinsdale, MA	Summer 2027	https://www.teamworkonline.com/youth-sports-jobs/youth-sports-careers/camp-taconic-jobs/athletics-coaching-summer-internship-2191705	AUTO:Sports
Outlier Events	Marketing & Fan Engagement Internship	Kalamazoo, MI (Hybrid)	Spring 2027|Summer 2027	https://www.teamworkonline.com/baseball-jobs/northwoodsleague/kalamazoo-growlers-/marketing-fan-engagement-internship-outlier-events-2191488	AUTO:Sports
Green Bay Rockers	Multimedia Broadcast Internship	Green Bay, WI	Spring 2027|Summer 2027	https://www.teamworkonline.com/baseball-jobs/northwoodsleague/green-bay-rockers-jobs/multimedia-broadcast-internship-2191665	AUTO:Sports
Houston Rockets	Internship - Retail Operations	Houston, TX	Spring 2027|Summer 2027	https://www.teamworkonline.com/basketball-jobs/houston-rockets-jobs/houston-rockets/internship-retail-operations-2191649	AUTO:Sports
York Revolution	2027 Full Time Sales Internship	York, PA	Spring 2027|Summer 2027	https://www.teamworkonline.com/baseball-jobs/atlanticleague/york-revolution-28508/2027-full-time-sales-internship-2191646	AUTO:Sports
Green Bay Rockers	Winter/Spring 2027 Internship - Event Management/Hospitality	Green Bay, WI	Winter 2027	https://www.teamworkonline.com/baseball-jobs/northwoodsleague/green-bay-rockers-jobs/winter-spring-2027-internship-event-management-hospitality-2191647	AUTO:Sports
Kenosha Kingfish	Hospitality Management Internship	Kenosha, WI	Spring 2027|Summer 2027	https://www.teamworkonline.com/baseball-jobs/northwoodsleague/kenosha-kingfish/hospitality-management-internship-2191648	AUTO:Sports
Somerset Patriots	Accounting Intern	Bridgewater, NJ	Spring 2027|Summer 2027	https://www.teamworkonline.com/baseball-jobs/easternleague/somerset-patriots/accounting-intern-2191627	AUTO:Sports
Somerset Patriots	Graphic Design Intern	Bridgewater, NJ	Spring 2027|Summer 2027	https://www.teamworkonline.com/baseball-jobs/easternleague/somerset-patriots/graphic-design-intern-2191625	AUTO:Sports
Somerset Patriots	2027 Summer Internships - Marketing, Ticket Sales, Operations	Bridgewater, NJ	Summer 2027	https://www.teamworkonline.com/baseball-jobs/easternleague/somerset-patriots/2027-summer-internships-marketing-tickets-sales-operations-2191623	AUTO:Sports
Somerset Patriots	2027 Spring Semester Internship	Bridgewater, NJ	Spring 2027	https://www.teamworkonline.com/baseball-jobs/easternleague/somerset-patriots/2027-spring-semester-internship-2191621	AUTO:Sports
Tampa Bay Rays	Intern, Research and Development	St. Petersburg, FL	Spring 2027|Summer 2027	https://www.teamworkonline.com/baseball-jobs/tampa-bay-rays/tampa-bay-rays/intern-research-and-development-2191600	AUTO:Sports
Tampa Bay Rays	Minor League Affiliate Intern	Multiple Locations, FL	Spring 2027|Summer 2027	https://www.teamworkonline.com/baseball-jobs/tampa-bay-rays/tampa-bay-rays/minor-league-affiliate-intern-2191593	AUTO:Sports
Tampa Bay Rays	Intern, Baseball Performance Science	Multiple Locations, FL	Spring 2027|Summer 2027	https://www.teamworkonline.com/baseball-jobs/tampa-bay-rays/tampa-bay-rays/intern-baseball-performance-science-2188893	AUTO:Sports
Real Salt Lake	Photography Intern	Sandy, UT	Spring 2027|Summer 2027	https://www.teamworkonline.com/soccer-jobs/real-salt-lake/real-salt-lake/photography-intern-2191548	AUTO:Sports
Indianapolis Motor Speedway	External Affairs Community Engagement Intern, 2027 Season	Indianapolis, IN	Spring 2027|Summer 2027	https://www.teamworkonline.com/motorsports-jobs/penske-entertainment/indianapolis-motor-speedway-jobs/external-affairs-community-engagement-intern-2027-season-2191547	AUTO:Sports
Indianapolis Motor Speedway	Graphic Design Intern, 2027 Season	Indianapolis, IN	Spring 2027|Summer 2027	https://www.teamworkonline.com/motorsports-jobs/penske-entertainment/indianapolis-motor-speedway-jobs/graphic-design-intern-2027-season-2191276	AUTO:Sports
Southern Ohio PGA	2027 Communications Internship	Columbus, OH; Dayton, OH	Spring 2027|Summer 2027	https://www.teamworkonline.com/golf-tennis-jobs/pga-works/pga-reach/2027-communications-internship-2191504	AUTO:Sports
Southern Ohio PGA	2027 Tournament Operations - Summer Internship	Columbus, OH; Dayton, OH	Summer 2027	https://www.teamworkonline.com/golf-tennis-jobs/pga-works/pga-reach/2027-tournament-operations-summer-internship-2191497	AUTO:Sports
D.C. United	Internship - Partnerships - Spring 2027	Washington, DC	Spring 2027	https://www.teamworkonline.com/soccer-jobs/dc-united/d-c--united/internship-partnerships-spring-2027-2191487	AUTO:Sports
Jersey Shore Breaks	Sales and Sponsor Outreach Intern	Belmar, NJ	Spring 2027|Summer 2027	https://www.teamworkonline.com/basketball-jobs/94x50-league/jersey-shore-breaks-jobs/sales-and-sponsor-outreach-intern-2191466	AUTO:Sports
Ripken Baseball	Spring Tournament Operations Intern	Pigeon Forge, TN	Spring 2027	https://www.teamworkonline.com/baseball-jobs/unrivaledsports/ripken-baseball-jobs/spring-tournament-operations-intern-2191462	AUTO:Sports
Reading Royals	Marketing & Ticket Sales Intern Spring 2027	Reading, PA	Spring 2027	https://www.teamworkonline.com/hockey-jobs/echl/reading-royals/marketing-ticket-sales-intern-spring-2027-2191455	AUTO:Sports
US Club Soccer	2027 Event Administration and Operations Internship	Mount Pleasant, SC (Remote)	Spring 2027|Summer 2027	https://www.teamworkonline.com/olympic-jobs/usngbjobs/us-club-soccer/2027-event-administration-and-operations-internship-2190527	AUTO:Sports
USGA	2027 Mid-Term U.S. Women's Open Championship Management Intern	Toledo, OH	Spring 2027|Summer 2027	https://www.teamworkonline.com/golf-tennis-jobs/usga-jobs/usga-jobs/2027-mid-term-u-s-women-s-open-championship-management-intern-2191404	AUTO:Sports
USGA	2027 Long-Term U.S. Women's Open Championship Management Intern	Toledo, OH	Spring 2027|Summer 2027	https://www.teamworkonline.com/golf-tennis-jobs/usga-jobs/usga-jobs/2027-long-term-u-s-women-s-open-championship-management-intern-2191403	AUTO:Sports
Los Angeles Dodgers	2027 Summer Analyst	Los Angeles, CA	Summer 2027	https://www.teamworkonline.com/baseball-jobs/los-angeles-dodgers-jobs/los-angeles-dodgers/2027-summer-analyst-2191398	AUTO:Sports
Houston Texans	Ticketing Intern (Year-Long)	Houston, TX	Spring 2027|Summer 2027	https://www.teamworkonline.com/football-jobs/texans/houston-texans/ticketing-intern-year-long-2191338	AUTO:Sports
Cedar Rapids Kernels	Stadium and Baseball Operations Intern	Cedar Rapids, IA	Spring 2027|Summer 2027	https://www.teamworkonline.com/baseball-jobs/midwestleague/cedar-rapids-kernels/stadium-and-baseball-operations-intern-2191311	AUTO:Sports
Dallas Cowboys	Marketing Intern, The Star District	Frisco, TX	Spring 2027|Summer 2027	https://www.teamworkonline.com/football-jobs/dallascowboys/dallas-cowboys-29704/marketing-intern-the-star-district-2191303	AUTO:Sports
York Revolution	2027 Undergraduate Intern	York, PA	Spring 2027|Summer 2027	https://www.teamworkonline.com/baseball-jobs/atlanticleague/york-revolution-28508/2027-undergraduate-intern-york-revolution-2191261	AUTO:Sports
York Revolution	2027 Full-Time Video Director Intern	York, PA	Spring 2027|Summer 2027	https://www.teamworkonline.com/baseball-jobs/atlanticleague/york-revolution-28508/2027-full-time-video-director-intern-york-revolution-2191259	AUTO:Sports
FC Ambush	2027 Spring Ticket/Sponsorship Sales Internship	St. Charles, MO	Spring 2027	https://www.teamworkonline.com/soccer-jobs/usl-soccer-jobs/fc-ambush-jobs/2027-spring-ticket-sponsorship-sales-internship-2190010	AUTO:Sports
Nashville Sports Council	Spring Internship 2027	Nashville, TN	Spring 2027	https://www.teamworkonline.com/live-event-jobs/liveeventjobs/nashville-sports-council/spring-internship-2027-2190001	AUTO:Sports
THE CJ CUP Byron Nelson	Tournament Sales Intern	Dallas, TX	Spring 2027|Summer 2027	https://www.teamworkonline.com/golf-tennis-jobs/pgatour/cj-cup-byron-nelson-jobs/tournament-sales-intern-2189967	AUTO:Sports
Valero Texas Open	Operations Intern	San Antonio, TX	Spring 2027|Summer 2027	https://www.teamworkonline.com/golf-tennis-jobs/pgatour/valero-texas-open-/operations-intern-2189944	AUTO:Sports
Valero Texas Open	Events & Client Services Intern	San Antonio, TX	Spring 2027|Summer 2027	https://www.teamworkonline.com/golf-tennis-jobs/pgatour/valero-texas-open-/events-client-services-intern-2189945	AUTO:Sports
Valero Texas Open	Sales & Corporate Partnerships Intern	San Antonio, TX	Spring 2027|Summer 2027	https://www.teamworkonline.com/golf-tennis-jobs/pgatour/valero-texas-open-/sales-corporate-partnerships-intern-2189931	AUTO:Sports
Valero Texas Open	Marketing & Community Relations Intern	San Antonio, TX	Spring 2027|Summer 2027	https://www.teamworkonline.com/golf-tennis-jobs/pgatour/valero-texas-open-/marketing-community-relations-intern-2189939	AUTO:Sports
Peak Sports Management	Social Media Content Creator Internship	Allen, TX	Spring 2027|Summer 2027	https://www.teamworkonline.com/college-jobs/peak-sports-management-jobs/peak-sports-mgmt-jobs/social-media-content-creator-internship-2189942	AUTO:Sports
Toledo Mud Hens and Walleye	Audio/Video Production Intern	Toledo, OH	Spring 2027|Summer 2027	https://www.teamworkonline.com/hockey-jobs/echl/toledo-walleye/audio-video-production-intern-2189926	AUTO:Sports
Oak View Group	Marketing Intern - Miami Beach Convention Center (Part-Time)	Miami Beach, FL	Spring 2027|Summer 2027	https://www.teamworkonline.com/arenas-facilities-jobs/oakview-group-/ovg-corporate/marketing-intern-part-time-miami-beach-convention-center-2189819	AUTO:Sports
Corpus Christi Hooks	Intern, Sales & Marketing	Corpus Christi, TX	Spring 2027|Summer 2027	https://www.teamworkonline.com/baseball-jobs/diamond-baseball-holdings/corpus-christi-hooks-jobs/intern-sales-marketing-2189813	AUTO:Sports
Dallas Stars	Business Strategy & Analytics Intern	Frisco, TX	Spring 2027|Summer 2027	https://www.teamworkonline.com/hockey-jobs/dallas-stars-jobs/dallas-stars/business-strategy-analytics-intern-2189774	AUTO:Sports
Wilkes-Barre/Scranton Penguins	Video Intern	Wilkes-Barre, PA (Hybrid)	Spring 2027|Summer 2027	https://www.teamworkonline.com/hockey-jobs/theahl/wilkes-barre-scranton-penguins/video-intern-2189745	AUTO:Sports
3STEP Sports	Sales & Basketball Operations Intern	Dallas, TX	Spring 2027|Summer 2027	https://www.teamworkonline.com/multiple-properties/three-step-sports/three-step-sports-jobs/sales-basketball-operations-intern-2189710	AUTO:Sports
USGA	2027 Marketing and Branded Events Intern	Toledo, OH (Hybrid)	Spring 2027|Summer 2027	https://www.teamworkonline.com/golf-tennis-jobs/usga-jobs/usga-jobs/2027-marketing-and-branded-events-intern-2189553	AUTO:Sports
Utica Comets	Ticket Sales & Service Intern	Utica, NY	Spring 2027|Summer 2027	https://www.teamworkonline.com/hockey-jobs/theahl/utica-comets/ticket-sales-service-intern-2189510	AUTO:Sports
USGA	2027 Long-Term Championship Intern	Liberty Corner, NJ	Spring 2027|Summer 2027	https://www.teamworkonline.com/golf-tennis-jobs/usga-jobs/usga-jobs/2027-long-term-championship-intern-2189482	AUTO:Sports
Fayetteville Marksmen	Hockey Communications & Media Relations Intern	Remote	Spring 2027|Summer 2027	https://www.teamworkonline.com/hockey-jobs/sphl-league/fayetteville-marksmen/hockey-communications-media-relations-intern-2189329	AUTO:Sports
IRONMAN	Marketing Intern - North America	Tampa, FL; Louisville, CO	Spring 2027|Summer 2027	https://www.teamworkonline.com/other-sports-jobs/ironman/ironman/marketing-intern-north-america-2189303	AUTO:Sports
Army West Point Athletic Association	Business Development Intern	West Point, NY	Spring 2027|Summer 2027	https://www.teamworkonline.com/college-jobs/collegesportsjobs/army-westpoint/business-development-intern-2189120	AUTO:Sports
Pittsburgh Penguins	Graphic Design Internship (Spring 2027)	Pittsburgh, PA	Spring 2027	https://www.teamworkonline.com/hockey-jobs/pittsburgh-penguins/pittsburgh-penguins/graphic-design-internship-spring-2027-2186798	AUTO:Sports
Pittsburgh Penguins	Penguins Radio Network Internship (Spring 2027)	Pittsburgh, PA	Spring 2027	https://www.teamworkonline.com/hockey-jobs/pittsburgh-penguins/pittsburgh-penguins/penguins-radio-network-internship-spring-2027-2186797	AUTO:Sports
Pittsburgh Penguins	Video Production Internship (Spring 2027)	Pittsburgh, PA	Spring 2027	https://www.teamworkonline.com/hockey-jobs/pittsburgh-penguins/pittsburgh-penguins/video-production-internship-spring-2027-2186796	AUTO:Sports
Pittsburgh Penguins	Accounting & Finance Internship (Spring 2027)	Pittsburgh, PA	Spring 2027	https://www.teamworkonline.com/hockey-jobs/pittsburgh-penguins/pittsburgh-penguins/accounting-finance-internship-spring-2027-2186757	AUTO:Sports
Pittsburgh Penguins	Penguins Foundation - Community Relations Internship (Spring 2027)	Pittsburgh, PA	Spring 2027	https://www.teamworkonline.com/hockey-jobs/pittsburgh-penguins/pittsburgh-penguins/pittsburgh-penguins-foundation-community-relations-internship-spring-2027-2186756	AUTO:Sports
Pittsburgh Penguins	Event & Hospitality Support Internship (Spring 2027)	Pittsburgh, PA	Spring 2027	https://www.teamworkonline.com/hockey-jobs/pittsburgh-penguins/pittsburgh-penguins/event-hospitality-support-internship-spring-2027-2186755	AUTO:Sports
Pittsburgh Penguins	Ticket Sales Internship (Spring 2027)	Pittsburgh, PA	Spring 2027	https://www.teamworkonline.com/hockey-jobs/pittsburgh-penguins/pittsburgh-penguins/ticket-sales-internship-spring-2027-2186748	AUTO:Sports
Pittsburgh Penguins	Corporate Partnerships Internship (Spring 2027)	Pittsburgh, PA	Spring 2027	https://www.teamworkonline.com/hockey-jobs/pittsburgh-penguins/pittsburgh-penguins/corporate-partnerships-internship-spring-2027-2186743	AUTO:Sports
Pittsburgh Penguins	Media Relations Internship (Spring 2027)	Pittsburgh, PA	Spring 2027	https://www.teamworkonline.com/hockey-jobs/pittsburgh-penguins/pittsburgh-penguins/media-relations-internship-spring-2027-2186739	AUTO:Sports
Pittsburgh Penguins	Motion Graphics Internship (Spring 2027)	Pittsburgh, PA	Spring 2027	https://www.teamworkonline.com/hockey-jobs/pittsburgh-penguins/pittsburgh-penguins/motion-graphics-internship-spring-2027-2186628	AUTO:Sports
Allen Americans	Broadcast and Communications Internship	Allen, TX	Spring 2027|Summer 2027	https://www.teamworkonline.com/hockey-jobs/echl/allen-americans-29443/broadcast-and-communications-internship-2189039	AUTO:Sports
Seattle Reign FC	2027 Athletic Training Student Intern	Tukwila, WA	Spring 2027|Summer 2027	https://www.teamworkonline.com/soccer-jobs/nwslsoccer/reign-fc/2027-athletic-training-student-intern-educational-internship-seattle-reign-fc-2188932	AUTO:Sports
TPC Network	2027 PGM Golf Operations Intern	Cromwell, CT	Spring 2027|Summer 2027	https://www.teamworkonline.com/golf-tennis-jobs/pgatour/tpc-network-jobs/2027-pgm-golf-operations-intern-2188843	AUTO:Sports
USGA	2027 U.S. Open Long-Term Championship Office Intern	Pebble Beach, CA	Spring 2027|Summer 2027	https://www.teamworkonline.com/golf-tennis-jobs/usga-jobs/usga-jobs/2027-u-s-open-long-term-championship-office-intern-2188815	AUTO:Sports
USGA	USGA Golf Museum Special Collections Intern	Liberty Corner, NJ (Hybrid)	Spring 2027|Summer 2027	https://www.teamworkonline.com/golf-tennis-jobs/usga-jobs/usga-jobs/usga-golf-museum-special-collections-intern-2188804	AUTO:Sports
USGA	USGA Golf Museum and World Golf Hall of Fame Collections Intern	Liberty Corner, NJ (Hybrid)	Spring 2027|Summer 2027	https://www.teamworkonline.com/golf-tennis-jobs/usga-jobs/usga-jobs/usga-golf-museum-and-world-golf-hall-of-fame-collections-intern-2188803	AUTO:Sports
USGA	2027 U.S. Open Long-Term Operations Intern	Pebble Beach, CA	Spring 2027|Summer 2027	https://www.teamworkonline.com/golf-tennis-jobs/usga-jobs/usga-jobs/2027-u-s-open-long-term-operations-intern-2188802	AUTO:Sports
Normal CornBelters	Spring Sponsorship Sales Internship	Normal, IL	Spring 2027	https://www.teamworkonline.com/baseball-jobs/prospectleague/normal-cornbelters/spring-sponsorship-sales-internship-2188718	AUTO:Sports
Normal CornBelters	Spring Marketing & Graphic Design Internship	Normal, IL	Spring 2027	https://www.teamworkonline.com/baseball-jobs/prospectleague/normal-cornbelters/spring-marketing-graphic-design-internship-2188715	AUTO:Sports
Sugar Land Space Cowboys	Intern, Ticket Sales	Sugar Land, TX	Spring 2027|Summer 2027	https://www.teamworkonline.com/baseball-jobs/diamond-baseball-holdings/sugar-land-spacecowboys/intern-ticket-sales-2188702	AUTO:Sports
DS Sports	Game Day Operations Intern (Summer 2027)	Saratoga Springs, NY; Yonkers, NY; Hartford, CT	Summer 2027	https://www.teamworkonline.com/baseball-jobs/ds-sports/ds-sports-jobs/game-day-operations-intern-summer-2027-2188625	AUTO:Sports
DS Sports	Marketing & Merchandise Intern (Summer 2027)	Yonkers, NY; Hartford, CT; other cities	Summer 2027	https://www.teamworkonline.com/baseball-jobs/ds-sports/ds-sports-jobs/marketing-merchandise-intern-summer-2027-2188950	AUTO:Sports
Deloitte	Tax Consultant - Business - Summer 2027	Boston, MA	Summer 2027	https://apply.deloitte.com/en_US/careers/JobDetail/Tax-Tax-Consultant-Business-Summer-2027-Winter-2028/365778	AUTO:Finance
Deloitte	Audit & Assurance Analyst - Technology Controls Advisory - Summer 2027	Multiple Locations	Summer 2027	https://apply.deloitte.com/en_US/careers/JobDetail/Audit-Assurance-Analyst-Technology-Controls-Advisory-Summer-Fall-2027/363237	AUTO:Finance
Deloitte	Audit & Assurance Analyst - Secured Transactions & Support - Summer 2027	Jersey City, NJ	Summer 2027	https://apply.deloitte.com/en_US/careers/JobDetail/Audit-Assurance-Analyst-Secured-Transactions-Support-Summer-Fall-2027/359282	AUTO:Finance
Deloitte	Tax Consultant - Global Employer Services - Summer 2027	Multiple Locations	Summer 2027	https://apply.deloitte.com/en_US/careers/JobDetail/Tax-Tax-Consultant-Global-Employer-Services-Summer-2027-Winter-2028/360652	AUTO:Finance
Deloitte	Audit & Assurance Intern - Distributed Audit and Assurance Services - Summer 2027	Tempe, AZ	Summer 2027	https://apply.deloitte.com/en_US/careers/JobDetail/Audit-Assurance-Intern-Distributed-Audit-and-Assurance-Services-Summer-2027/360674	AUTO:Finance
Deloitte	Tax Consultant - Japanese Services Group - Summer 2027	Multiple Locations	Summer 2027	https://apply.deloitte.com/en_US/careers/JobDetail/Tax-Tax-Consultant-Japanese-Services-Group-Summer-2027-Winter-2028/363598	AUTO:Finance
Deloitte	Tax Delivery Consultant - International Tax/Transfer Pricing - Summer 2027	Gilbert, AZ	Summer 2027	https://apply.deloitte.com/en_US/careers/JobDetail/Tax-Tax-Delivery-Consultant-International-Tax-Transfer-Pricing-Summer-2027/364871	AUTO:Finance
Deloitte	Tax Consultant - Korean Services Group - Summer 2027	New York, NY	Summer 2027	https://apply.deloitte.com/en_US/careers/JobDetail/Tax-Tax-Consultant-Korean-Services-Group-Summer-2027-Winter-2028/366515	AUTO:Finance
U.S. Department of State	Paid Student Internship Program	Washington, DC and overseas	Spring 2027|Summer 2027	https://intern.usajobs.gov/job/879740200	AUTO:Legal
U.S. Department of State	U.S. Foreign Service Internship Program	Washington, DC and overseas	Spring 2027|Summer 2027	https://careers.state.gov/interns-fellows/us-foreign-service-internship-program/	AUTO:Legal
U.S. Department of State	Virtual Student Federal Service Internships	Remote	Spring 2027|Summer 2027	https://careers.state.gov/interns-fellows/virtual-student-federal-service/	AUTO:Legal
National Geospatial-Intelligence Agency	Summer 2027 College Internship - Data & Visualization	St. Louis, MO; Springfield, VA	Summer 2027	https://www.usajobs.gov/job/882600900	AUTO:Legal
National Geospatial-Intelligence Agency	Summer 2027 College Internship - Information Technology	St. Louis, MO; Springfield, VA	Summer 2027	https://www.usajobs.gov/job/882572400	AUTO:Legal
National Geospatial-Intelligence Agency	Summer 2027 College Internship - Financial Management	St. Louis, MO; Springfield, VA	Summer 2027	https://www.usajobs.gov/job/882600800	AUTO:Legal
National Geospatial-Intelligence Agency	Summer 2027 College Internship - Analysis	St. Louis, MO; Springfield, VA	Summer 2027	https://www.usajobs.gov/job/882357800	AUTO:Legal
National Geospatial-Intelligence Agency	Summer 2027 College Internship - Source	St. Louis, MO; Springfield, VA	Summer 2027	https://www.usajobs.gov/job/882814500	AUTO:Legal
CIA	CIA Student Internship Program	Washington, DC area	Spring 2027|Summer 2027	https://ai.usajobs.gov/job/883860200	AUTO:Legal
HCA Healthcare	Operating Room Nurse Internship	Nashville, TN	Spring 2027|Summer 2027	https://careers.hcahealthcare.com/jobs/18172338-operating-room-nurse-internship	AUTO:Healthcare
HCA Healthcare	Sales and Use Tax Intern	Nashville, TN	Spring 2027|Summer 2027	https://careers.hcahealthcare.com/jobs/18019448-sales-and-used-tax-intern	AUTO:Healthcare
HCA Healthcare	GPO Sourcing Intern	Nashville, TN	Spring 2027|Summer 2027	https://careers.hcahealthcare.com/jobs/18140923-gpo-sourcing-intern	AUTO:Healthcare
HCA Healthcare	Pharmacy Intern PRN	Independence, MO	Spring 2027|Summer 2027	https://careers.hcahealthcare.com/jobs/16904930-pharmacy-intern-prn	AUTO:Healthcare
Johnson & Johnson	2027 Jax R&D Internship (STEM, Eng/Chem)	Jacksonville, FL	Spring 2027|Summer 2027	https://www.careers.jnj.com/en/jobs/r-099052/2027-jax-rd-internship-stem-engchem/	AUTO:Science
Johnson & Johnson	Kentucky Distribution Center Summer 2027 Intern	Shepherdsville, KY	Summer 2027	https://www.careers.jnj.com/en/jobs/r-096263/kentucky-distribution-center-summer-2027-intern/	AUTO:Science
Johnson & Johnson	R&D Leadership Development Program (RDLDP) - Summer 2027 Internship	Santa Clara, CA; Irvine, CA; Jacksonville, FL; Raritan, NJ	Summer 2027	https://www.careers.jnj.com/en/jobs/r-096476/research-development-leadership-development-program-rdldp-summer-2027-internship/	AUTO:Science
Johnson & Johnson	Wound Closure R&D Summer 2027 Intern	Raritan, NJ	Summer 2027	https://www.careers.jnj.com/en/jobs/r-097211/wound-closure-rd-summer-2027-intern/	AUTO:Science
Johnson & Johnson	2027 Commercial Leadership Development Program (CLDP) - Summer Internship	Titusville, NJ; Horsham, PA	Summer 2027	https://www.careers.jnj.com/en/jobs/r-096662/2027-innovative-medicine-commercial-leadership-development-program-cldp-summer-internship/	AUTO:Science
Johnson & Johnson	Summer Sales Intern	Jacksonville, FL	Summer 2027	https://www.careers.jnj.com/en/jobs/r-098551/summer-sales-intern/	AUTO:Science
Johnson & Johnson	Clinical Pharmacology and Pharmacometrics Intern - Summer 2027	Spring House, PA; La Jolla, CA; Cambridge, MA	Summer 2027	https://www.careers.jnj.com/en/jobs/r-098266/clinical-pharmacology-and-pharmacometrics-intern-summer-2027/	AUTO:Science
Johnson & Johnson	Development Engineer Summer Intern	Cincinnati, OH	Summer 2027	https://www.careers.jnj.com/en/jobs/r-098779/development-engineer-gtosc-summer-intern/	AUTO:Science
Johnson & Johnson	R&D Co-Op	Raritan, NJ	Spring 2027|Summer 2027	https://www.careers.jnj.com/en/jobs/r-097655/rd-co-op/	AUTO:Science
Target	MBA Intern, Finance Leadership Development Program - Summer 2027	Minneapolis, MN	Summer 2027	https://corporate.target.com/jobs/w10/66/mba-intern,-finance-leadership-development-program-fldp-internship-summer-2027	AUTO:Retail
Target	Financial Analyst Intern - Summer 2027	Minneapolis, MN	Summer 2027	https://corporate.target.com/jobs/w05/74/financial-analyst-intern-minneapolis,-mn-starting-summer,-2027	AUTO:Retail
Target	Store Executive Intern (Store Leadership Intern) - Summer 2027	Philadelphia, PA	Summer 2027	https://corporate.target.com/jobs/w68/77/store-executive-intern-store-leadership-intern-philadelphia,-pa-starting-summer-2027	AUTO:Retail
Target	Store Executive Intern (Store Leadership Intern) - Summer 2027	Oklahoma City, OK	Summer 2027	https://corporate.target.com/jobs/w84/99/store-executive-intern-store-leadership-intern-oklahoma-city,-ok-starting-summer-2027	AUTO:Retail
Target	Store Executive Intern (Store Leadership Intern) - Summer 2027	Bay Area, CA	Summer 2027	https://corporate.target.com/jobs/w84/17/store-executive-intern-store-leadership-intern-%E2%80%93-bay-area,-ca-starting-summer-2027	AUTO:Retail
Target	UX Design Internship - Summer 2027	Minneapolis, MN	Summer 2027	https://corporate.target.com/jobs/w10/77/ux-design-internship-minneapolis,-mn-starting-summer,-2027	AUTO:Retail
Target	Store Executive Intern (Store Leadership Intern) - Summer 2027	New York City, NY	Summer 2027	https://corporate.target.com/jobs/w74/41/store-executive-intern-store-leadership-intern-new-york-city,-ny-starting-summer-2027-%E2%80%8B	AUTO:Retail
Target	Store Executive Intern (Store Leadership Intern) - Summer 2027	Arlington Heights, IL	Summer 2027	https://corporate.target.com/jobs/w89/63/store-executive-intern-store-leadership-intern-arlington-heights,-il-starting-summer-2027-%E2%80%8B	AUTO:Retail
Target	Store Executive Intern (Store Leadership Intern) - Summer 2027	St. Louis, MO	Summer 2027	https://corporate.target.com/jobs/w94/67/store-executive-intern-store-leadership-intern-%E2%80%93-st-louis,-mo-starting-summer-2027	AUTO:Retail
Electronic Arts	Brand Intern	See posting	Spring 2027|Summer 2027	https://jobs.ea.com/en_US/careers/JobDetail/Brand-Intern/203941	AUTO:Media
Electronic Arts	Assistant Development Manager Intern	See posting	Spring 2027|Summer 2027	https://jobs.ea.com/en_US/careers/JobDetail/Assistant-Development-Manager-Intern/200900	AUTO:Media
Electronic Arts	Associate Character Artist Intern	See posting	Spring 2027|Summer 2027	https://jobs.ea.com/en_US/careers/JobDetail/Associate-Character-Artist-Intern/206680	AUTO:Media
Electronic Arts	Data Analyst Co-op	See posting	Spring 2027|Summer 2027	https://jobs.ea.com/en_US/careers/JobDetail/Data-Analyst-Co-op/210870	AUTO:Media
Electronic Arts	Technical Artist Co-op	See posting	Spring 2027|Summer 2027	https://jobs.ea.com/en_US/careers/JobDetail/Technical-Artist-Co-op/210832	AUTO:Media
KPMG	Intern, Human Resources	See posting	Spring 2027|Summer 2027	https://www.kpmguscareers.com/jobdetail/?jobId=138187	AUTO:Finance
KPMG	Audit Intern	See posting	Spring 2027|Summer 2027	https://www.kpmguscareers.com/jobdetail/?jobId=137251	AUTO:Finance
KPMG	Advisory Intern, Federal Cyber Security Services	See posting	Spring 2027|Summer 2027	https://www.kpmguscareers.com/jobdetail/?jobId=138607	AUTO:Finance
KPMG	Advisory Intern, Strategy Technology	See posting	Spring 2027|Summer 2027	https://www.kpmguscareers.com/jobdetail/?jobId=138204	AUTO:Finance
KPMG	Technology Assurance Intern, Financial Services	See posting	Spring 2027|Summer 2027	https://www.kpmguscareers.com/jobdetail/?jobId=137515	AUTO:Finance
KPMG	Tax Seasonal Intern, Business Tax Services	See posting	Spring 2027|Summer 2027	https://www.kpmguscareers.com/jobdetail/?jobId=138078	AUTO:Finance
KPMG	Internal Audit and Controls Intern	See posting	Spring 2027|Summer 2027	https://www.kpmguscareers.com/jobdetail/?jobId=138226	AUTO:Finance
KPMG	Tax Seasonal Intern, Global Mobility Services - Puerto Rico	San Juan, PR	Spring 2027|Summer 2027	https://www.kpmguscareers.com/jobdetail/?jobId=137823	AUTO:Finance
KPMG	Tax Intern, Global Executive & Private Client Group	See posting	Spring 2027|Summer 2027	https://www.kpmguscareers.com/jobdetail/?jobId=137575	AUTO:Finance
EY	Independence Intern	Atlanta, GA	Spring 2027|Summer 2027	https://careers.ey.com/ey/job/Atlanta-Independence-Intern-GA-30308/1388069433/	AUTO:Finance
Leidos	Cybersecurity Analyst Intern	Odenton, MD	Spring 2027|Summer 2027	https://careers.leidos.com/jobs/18173470-cybersecurity-analyst-intern	AUTO:Business
Leidos	Transport Network Engineer Intern	Scott Air Force Base, IL	Spring 2027|Summer 2027	https://careers.leidos.com/jobs/18173460-transport-network-engineer-intern	AUTO:Business
Leidos	Software Development Intern	Orlando, FL	Spring 2027|Summer 2027	https://careers.leidos.com/jobs/16006865-software-development-intern	AUTO:Business
Leidos	Data Integration Development Intern	Remote, US	Spring 2027|Summer 2027	https://careers.leidos.com/jobs/17546242-data-integration-development-intern	AUTO:Business
Leidos	Finance and Business Operations Intern	Reston, VA	Spring 2027|Summer 2027	https://careers.leidos.com/jobs/18215830-finance-and-business-operations-intern	AUTO:Business
Leidos	Data Science Intern	Eglin Air Force Base, FL	Spring 2027|Summer 2027	https://careers.leidos.com/jobs/16970252-data-science-intern	AUTO:Business
Leidos	Data Science Intern	Arlington, VA	Spring 2027|Summer 2027	https://careers.leidos.com/jobs/17405050-data-science-intern	AUTO:Business
Leidos	AI Infrastructure & Security Intern	Remote, US	Spring 2027|Summer 2027	https://careers.leidos.com/jobs/17696422-ai-infrastructure-and-security-intern	AUTO:Business
Leidos	System Engineer Intern	Reston, VA	Spring 2027|Summer 2027	https://careers.leidos.com/jobs/17727323-system-engineer-intern	AUTO:Business
McKesson	Communications Intern - Summer 2027	Irving, TX	Summer 2027	https://mckesson.wd3.myworkdayjobs.com/External_Careers/job/USA-TX-Irving/Communications-Intern---Summer-2027_JR0152681	AUTO:Business
Polaris	Marketing Internship - Summer 2027	Plymouth, MN	Summer 2027	https://polaris.wd5.myworkdayjobs.com/PolarisJobs/job/Plymouth-MN-USA/Marketing-Internship---Summer-2027_R30416	AUTO:Business
Momentive	Summer 2027 Intern - Healthcare Marketing	Niskayuna, NY	Summer 2027	https://momentive.wd1.myworkdayjobs.com/MC/job/US-NY-Niskayuna/Summer-2027-Intern---Healthcare-Marketing_R9733	AUTO:Business
Boeing	Summer 2027 Internship Program - Communications Intern	Arlington, VA	Summer 2027	https://boeing.wd1.myworkdayjobs.com/EXTERNAL_CAREERS/job/USA---Arlington-VA/Boeing-Summer-2027-Internship-Program--Paid----Communications-Intern_JR2026518829	AUTO:Business
Stryker	Summer 2027 Internship - Downstream Marketing	Mahwah, NJ	Summer 2027	https://stryker.wd1.myworkdayjobs.com/StrykerCareers/job/Mahwah-New-Jersey/Summer-2027-Internship---Downstream-Marketing---New-Jersey_R572667	AUTO:Business
Boeing	Summer 2027 Internship Program - Sales and Marketing	Seattle, WA	Summer 2027	https://boeing.wd1.myworkdayjobs.com/EXTERNAL_CAREERS/job/USA---Seattle-WA/Boeing-Summer-2027-Internship-Program--Paid----Sales-and-Marketing_JR2026518830-1	AUTO:Business
Momentive	Summer 2027 Intern - Coatings Marketing	Niskayuna, NY	Summer 2027	https://momentive.wd1.myworkdayjobs.com/MC/job/US-NY-Niskayuna/Summer-2027-Intern---Coatings-Marketing_R9826	AUTO:Business
Auto-Owners Insurance	Corporate Marketing Internship - Summer 2027	Lansing, MI	Summer 2027	https://aoins.wd5.myworkdayjobs.com/AutoOwners/job/Lansing-MI/Corporate-Marketing-Internship---Summer-2027_R_14358	AUTO:Business
Cardinal Health	Sourcing Internship (Summer 2027)	See posting	Summer 2027	https://cardinalhealth.wd1.myworkdayjobs.com/en-US/EXT/job/Sourcing-Internship--Summer-2027-_20185922-1	AUTO:Business
Cardinal Health	Operations Internship (Summer 2027)	See posting	Summer 2027	https://cardinalhealth.wd1.myworkdayjobs.com/en-US/EXT/job/Operations-Internship--Summer-2027-_20186342	AUTO:Business
Cardinal Health	Data & Analytics Internship (Summer 2027)	See posting	Summer 2027	https://cardinalhealth.wd1.myworkdayjobs.com/en-US/EXT/job/Data---Analytics-Internship--Summer-2027-_20185913	AUTO:Business
Cardinal Health	Operations Internship (Summer 2027)	Atlanta, GA	Summer 2027	https://cardinalhealth.wd1.myworkdayjobs.com/EXT/job/GA-Atlanta-Kendall-Park/Operations-Internship--Summer-2027-_20185924	AUTO:Business
Stryker	Summer 2027 Internship - Biomedical Engineering	Mahwah, NJ	Summer 2027	https://stryker.wd1.myworkdayjobs.com/StrykerCareers/job/Mahwah-New-Jersey/Summer-2027-Internship---Biomedical-Engineering---New-Jersey_R572594-1	AUTO:Business
Merck	2027 Future Talent Program - Outcomes Research - Intern	North Wales, PA	Spring 2027|Summer 2027	https://msd.wd5.myworkdayjobs.com/SearchJobs/job/USA---Pennsylvania---North-Wales-Upper-Gwynedd/XMLNAME-2027-Future-Talent-Program---Outcomes-Research---Intern_R412102	AUTO:Business
Partnership for Public Service	Spring 2027 Communications & Public Engagement Intern	Washington, DC	Spring 2027	https://job-boards.greenhouse.io/partnershipforpublicservice/jobs/4405497009	AUTO:Business
Partnership for Public Service	Spring 2027 Workforce Programs Intern	Washington, DC	Spring 2027	https://job-boards.greenhouse.io/partnershipforpublicservice/jobs/4405865009	AUTO:Business
Stoke Space	Summer 2027 Internship - Operations	Kent, WA	Summer 2027	https://job-boards.greenhouse.io/stokespacetechnologies/jobs/6176785004	AUTO:Business
AppLovin	Product Management Intern (2027 Summer Internship)	See posting	Summer 2027	https://job-boards.greenhouse.io/applovin/jobs/4713039006	AUTO:Business
LionTree	2027 Summer Internship Programme	New York, NY	Summer 2027	https://job-boards.greenhouse.io/liontree/jobs/5213296007	AUTO:Business
HD Supply	Supply Chain Intern - Summer 2027	Atlanta, GA	Summer 2027	https://hdsupply.wd1.myworkdayjobs.com/en-US/External/job/Supply-Chain-Intern---Summer-2027_R26004270	AUTO:Business
CVS Health	Supply Chain and Logistics Intern - Distribution Center - Summer 2027	See posting	Summer 2027	https://cvshealth.wd1.myworkdayjobs.com/en-US/CVS_Health_Careers/job/Supply-Chain-and-Logistics-Intern---Distribution-Center-Experience---Summer-2027_R1033260	AUTO:Business
PwC	Management Consulting - Operations & Supply Chain Solutions Intern - Summer 2027	Rosemont, IL	Summer 2027	https://pwc.wd3.myworkdayjobs.com/en-US/US_Entry_Level_Careers/job/IL-Rosemont/Management-Consulting---Operations---Supply-Chain-Solutions-Intern---Summer-2027_757253WD	AUTO:Business
Applied Materials	Summer 2027 Supply Chain Buyer Intern - Bachelor's	Santa Clara, CA	Summer 2027	https://amat.wd1.myworkdayjobs.com/External/job/Santa-ClaraCA/Summer-2027-Supply-Chain-Buyer-Intern--Bachelor-s--Santa-Clara--CA-_R2627066	AUTO:Business
Stryker	Summer 2027 Internship - Supply Chain	California	Summer 2027	https://stryker.wd1.myworkdayjobs.com/en-US/StrykerCareers/job/Summer-2027-Internship---Supply-Chain---California_R572586	AUTO:Business
RTX	Materials Management & Logistics Internship Program (Summer 2027)	East Hartford, CT	Summer 2027	https://globalhr.wd5.myworkdayjobs.com/rec_rtx_ext_gateway/job/us-ct-east-hartford-etc--400-main-st--bldg-etc/materials-management---logistics-internship-program--summer-2027-_01862953-1	AUTO:Business
Boeing	Summer 2027 Internship Program - Supply Chain	See posting	Summer 2027	https://boeing.wd1.myworkdayjobs.com/en-US/EXTERNAL_CAREERS/job/Boeing-Summer-2027-Internship-Program--Paid----Supply-Chain_JR2026519410-1	AUTO:Business
Medline	MBA Intern, Supply Chain Optimization - Summer 2027	Northfield, IL	Summer 2027	https://medline.wd5.myworkdayjobs.com/Medline/job/Northfield-Illinois/MBA-Intern--Supply-Chain-Optimization---Summer-2027_R2615857	AUTO:Business
SC Johnson	Finance/Accounting Intern - Summer 2027	Racine, WI	Summer 2027	https://scj.wd5.myworkdayjobs.com/External_Career_Site/job/USA---WI---Racine/Finance-Accounting-Intern---Summer-2027_32660	AUTO:Finance
CNA	Finance / Accounting Internship Program (Summer 2027)	See posting	Summer 2027	https://cna.wd1.myworkdayjobs.com/en-US/CNA_Careers/job/Finance---Accounting-Internship-Program--Summer-2027-_R-8048	AUTO:Finance
Bonadio	Dallas Spring 2027 & Summer 2027 Accounting Internship	Dallas, TX	Spring 2027|Summer 2027	https://bonadio.wd503.myworkdayjobs.com/en-US/Bonadio_Careers/job/Dallas-Spring-2027---Summer-2027-Accounting-Internship_20260180	AUTO:Finance
F.N.B. Corporation	Summer 2027 Audit Intern	Pittsburgh, PA	Summer 2027	https://fnbcorp.wd501.myworkdayjobs.com/en-US/FNBCORP/job/Summer-2027-Audit-Intern---Pittsburgh--PA_2026-01819	AUTO:Finance
SpartanNash	Finance & Accounting Intern - Summer 2027	Byron Center, MI	Summer 2027	https://spartannash.wd1.myworkdayjobs.com/spartannash_careers/job/byron-center-michigan/finance---accounting-intern---summer-2027_r89448	AUTO:Finance
Medline	Finance/Accounting Intern - Summer 2027	Northfield, IL	Summer 2027	https://medline.wd5.myworkdayjobs.com/Medline/job/Northfield-Illinois/Finance-Accounting-Intern---Summer-2027_R2616741	AUTO:Finance
Armanino	Summer 2027 Audit Intern (Duluth)	Duluth, GA	Summer 2027	https://armaninollp.wd1.myworkdayjobs.com/Armanino/job/Duluth-Georgia/Summer-2027-Audit-Intern--Duluth-_JR104238	AUTO:Finance
Walmart	Summer 2027 Corporate Intern: Accounting and Finance Development Program	Bentonville, AR	Summer 2027	https://walmart.wd504.myworkdayjobs.com/WalmartExternal/job/USA-Purpose-Building-AR-Bentonville-Home-Office/Summer-2027-Corporate-Intern--Accounting-and-Finance-Development-Program--AFDP-_R-2621665	AUTO:Finance
Baker Tilly	Summer 2027/Winter 2028 Tax or Audit Internship	See posting	Summer 2027|Winter 2028	https://bakertilly.wd5.myworkdayjobs.com/en-US/BTCareers/job/Summer-2027-Winter-2028-Tax-or-Audit-Internship_JR107955	AUTO:Finance
Fifth Third Bank	Summer 2027 Intern - CIB Sales and Trading	See posting	Summer 2027	https://fifththird.wd5.myworkdayjobs.com/en-US/53careers/job/Summer-2027-Intern---CIB-Sales-and-Trading_R66081	AUTO:Finance
Huntington Bank	Summer 2027 Wealth Management Internship	Columbus, OH	Summer 2027	https://huntington.wd12.myworkdayjobs.com/HNBcareers/job/Columbus-OH/Summer-2027-Wealth-Management-Internship_R0075378	AUTO:Finance
Visa	Finance Intern - Summer 2027	See posting	Summer 2027	https://visa.wd5.myworkdayjobs.com/en-US/Visa_Early_Careers/job/Finance-Intern---Summer-2027_REF088568W	AUTO:Finance
POET	Financial Compliance Intern - Summer 2027	Sioux Falls, SD	Summer 2027	https://poet.wd1.myworkdayjobs.com/POET/job/Sioux-Falls-SD/Financial-Compliance-Intern---Summer-2027_R101678	AUTO:Finance
Tokio Marine HCC	Financial Systems Intern - Summer 2027	See posting	Summer 2027	https://tmhcc.wd108.myworkdayjobs.com/en-US/External/job/Financial-Systems-Intern---Summer-2027_2026-887	AUTO:Finance
Nationwide	Summer 2027 Personal Lines Sales Relationships Intern	Columbus, OH	Summer 2027	https://nationwide.wd1.myworkdayjobs.com/Nationwide_Career/job/Ohio---Columbus-One-Nationwide-Plaza/Summer-2027-PL-Sales-Relationships-Intern_100033	AUTO:Sales
Nationwide	Summer 2027 Personal Lines Sales Business Analyst Intern	Columbus, OH	Summer 2027	https://nationwide.wd1.myworkdayjobs.com/Nationwide_Career/job/Ohio---Columbus-One-Nationwide-Plaza/Summer-2027-Personal-Lines-Sales-Business-Analyst-Intern_100038	AUTO:Sales
Gartner	North America Summer 2027 Sales Internship	See posting	Summer 2027	https://gartner.wd5.myworkdayjobs.com/en-US/EXT/job/North-America-Summer-2027-Sales-Internship_112992	AUTO:Sales
PwC	Management Consulting - Sales, Service and Marketing Intern - Summer 2027	See posting	Summer 2027	https://pwc.wd3.myworkdayjobs.com/en-US/US_Entry_Level_Careers/job/Management-Consulting---Sales--Service-and-Marketing-Intern---Summer-2027_757244WD	AUTO:Sales
CrowdStrike	Sales Excellence Elite Intern (Summer 2027)	See posting	Summer 2027	https://crowdstrike.wd5.myworkdayjobs.com/en-CA/crowdstrikecareers/job/Sales-Excellence-Elite-Intern--Summer-2027-_R30134	AUTO:Sales
Uline	Sales Analyst Internship - Summer 2027	Pleasant Prairie, WI	Summer 2027	https://uline.wd1.myworkdayjobs.com/Uline_Careers/job/Pleasant-Prairie-WI/Sales-Analyst-Internship---Summer-2027_R265911	AUTO:Sales
Uline	Outside Sales Internship - Summer 2027	Seattle, WA	Summer 2027	https://uline.wd1.myworkdayjobs.com/Uline_Careers/job/Seattle-WA/Outside-Sales-Internship---Summer-2027_R266135	AUTO:Sales
Uline	Training & Development (Instructional Designer) Internship - Summer 2027	Pleasant Prairie, WI	Summer 2027	https://uline.wd1.myworkdayjobs.com/Uline_Careers/job/Pleasant-Prairie-WI/Instructional-Designer-Internship---Summer-2027_R266133	AUTO:HR
Partnership for Public Service	Spring 2027 Human Resources Intern	Washington, DC	Spring 2027	https://job-boards.greenhouse.io/partnershipforpublicservice/jobs/4405844009	AUTO:HR
Southern Poverty Law Center	Intern, Legal (2L) (Summer 2027)	See posting	Summer 2027	https://job-boards.greenhouse.io/southernpovertylawcenter/jobs/8769782002	AUTO:Nonprofit
Partnership for Public Service	Spring 2027 Public Policy & Stakeholder Engagement Intern	Washington, DC	Spring 2027	https://job-boards.greenhouse.io/partnershipforpublicservice/jobs/4405630009	AUTO:Nonprofit
Partnership for Public Service	Spring 2027 Fundraising Intern	Washington, DC	Spring 2027	https://job-boards.greenhouse.io/partnershipforpublicservice/jobs/4405749009	AUTO:Nonprofit
Human Rights Watch	Africa Division Intern (Great Lakes region)	See posting	Spring 2027|Summer 2027	https://job-boards.greenhouse.io/humanrightswatch/jobs/8675340002	AUTO:Nonprofit
AES	Intern - Transmission Engineering Services (Summer 2027)	See posting	Summer 2027	https://aes.wd1.myworkdayjobs.com/en-US/AES_US/job/Intern--Transmission-Engineering-Services----Summer-2027-_R1064727	AUTO:Environment
GlobalFoundries	Environmental Intern (Summer 2027)	See posting	Summer 2027	https://globalfoundries.wd1.myworkdayjobs.com/en-US/External/job/Environmental-Intern--Summer-2027-_JR-2604241	AUTO:Environment
Diamondback Energy	Summer 2027 Landman Intern	Midland, TX	Summer 2027	https://diamondbackenergy.wd12.myworkdayjobs.com/en-US/DBE/job/Summer-2027-Landman-Intern_R100808	AUTO:Environment
Boeing	Summer 2027 Internship Program - Government Operations and Sustainability	See posting	Summer 2027	https://boeing.wd1.myworkdayjobs.com/en-US/EXTERNAL_CAREERS/job/Boeing-Summer-2027-Internship-Program--Paid----Government-Operations-and-Sustainability_JR2026519183-1	AUTO:Environment
IGS Energy	Residential Solar Operations Intern (Summer 2027)	Remote, OH	Summer 2027	https://igsenergy.wd1.myworkdayjobs.com/igs/job/ohio-remote/residential-solar-operations-intern--summer-2027-_r6295	AUTO:Environment
Tarrant Regional Water District	Summer 2027 Water Resources Engineering Intern	Fort Worth, TX	Summer 2027	https://trwd.wd1.myworkdayjobs.com/en-US/TRWDCareers/job/Summer-2027-Water-Resources-Engineering-Intern--T027-_JR100215	AUTO:Environment
Berkeley Research Group	2027 Summer Associate (Intern)	See posting	Summer 2027	https://thinkbrg.wd5.myworkdayjobs.com/en-US/BRG_External_Career_Site/job/XMLNAME-2027-Summer-Associate--Intern-_JR100976	AUTO:Consulting
Boeing	Summer 2027 Internship Program - Program Management	See posting	Summer 2027	https://boeing.wd1.myworkdayjobs.com/en-US/EXTERNAL_CAREERS/job/Boeing-Summer-2027-Internship-Program--Paid----Program-Management_JR2026521026-1	AUTO:Consulting
Medline	R&D Design Intern - Summer 2027	Northfield, IL	Summer 2027	https://medline.wd5.myworkdayjobs.com/medline/job/Northfield-Illinois/R-D-Design-Intern---Summer-2027_R2616934	AUTO:Engineering
RTX	Mechanical Design Engineering Intern (Summer 2027)	See posting	Summer 2027	https://globalhr.wd5.myworkdayjobs.com/en-US/REC_RTX_Ext_Gateway/job/Mechanical-Design-Engineering-Intern--Summer-2027-_01874679	AUTO:Engineering
Hendrick Motorsports	Design Engineering Intern (Spring/Summer 2027)	Concord, NC	Spring 2027	https://hendrick.wd5.myworkdayjobs.com/en-US/HMSCareers/job/Design-Engineering-Intern--Spring-Summer-2027-_R-80377	AUTO:Engineering
Procter & Gamble	Engineering Internship, Summer 2027	See posting	Summer 2027	https://pg.wd5.myworkdayjobs.com/en-US/1000/job/Engineering-Internship--Summer-2027_R000157841	AUTO:Engineering
Blue Origin	Summer 2027 Test Engineering Internship - Undergraduate	See posting	Summer 2027	https://blueorigin.wd5.myworkdayjobs.com/en-US/BlueOrigin/job/Summer-2027-Test-Engineering-Internship---Undergraduate_R71433	AUTO:Engineering
NVIDIA	Product Design Intern, AI Infrastructure - Summer 2027	See posting	Summer 2027	https://nvidia.wd5.myworkdayjobs.com/en-US/NVIDIAExternalCareerSite/job/Product-Design-Intern--AI-Infrastructure---Summer-2027_JR2025784	AUTO:Software
Blue Origin	Summer 2027 Software Developer Internship - Graduate	See posting	Summer 2027	https://blueorigin.wd5.myworkdayjobs.com/en-US/BlueOrigin/job/Summer-2027-Software-Developer-Internship---Graduate_R71434	AUTO:Software
Walmart	Summer 2027 Intern: Software Engineer II	See posting	Summer 2027	https://walmart.wd504.myworkdayjobs.com/en-US/WalmartExternal/job/Summer-2027-Intern---Software-Engineer-II_R-2630029-1	AUTO:Software
Excellus BCBS	College Intern - Summer 2027 - Software Engineering	Rochester, NY	Summer 2027	https://lthc.wd1.myworkdayjobs.com/en-US/ExcellusBCBSCareers/job/College-Intern---Summer-2027---Software-Engineering--Multiple-Openings-Available-_JR104022-1	AUTO:Software
DriveTime	Data Science Intern (Summer 2027)	Tempe, AZ	Summer 2027	https://drivetime.wd1.myworkdayjobs.com/DriveTime/job/1720-W-Rio-Salado-Pkwy-Tempe-AZ-85281/Data-Science-Intern--Summer-2027-_R16301	AUTO:Software
Huntington Bank	Summer 2027 Data and Analytics Internship	Columbus, OH	Summer 2027	https://huntington.wd12.myworkdayjobs.com/HNBcareers/job/Columbus-OH/Summer-2027-Data-and-Analytics-Internship_R0075377	AUTO:Software
Schonfeld	2027 Business Analytics Intern	New York, NY	Spring 2027|Summer 2027	https://job-boards.greenhouse.io/schonfeld/jobs/8171703	AUTO:Software
Anduril Industries	2027 Mechanical Engineer Intern	See posting	Spring 2027|Summer 2027	https://job-boards.greenhouse.io/andurilindustries/jobs/5153187007	AUTO:Software
Hyatt Vacation Club	Summer 2027 - Recreation College Intern	Sedona, AZ	Summer 2027	https://mymvw.wd5.myworkdayjobs.com/HVOCareers/job/Hyatt-Vacation-Club-at-Pion-Pointe/Summer-2027---Recreation-College-Intern---Sedona--AZ_JR94011-1	AUTO:Hospitality
