# raw name in data	display name	web domain
Booz Allen	Booz Allen Hamilton	boozallen.com
Booz Allen Hamilton	Booz Allen Hamilton	boozallen.com
Astranis	Astranis	astranis.com
Marvell	Marvell	marvell.com
Brunswick	Brunswick	brunswick.com
Shure	Shure	shure.com
Meijer	Meijer	meijer.com
HNTB	HNTB	hntb.com
northropgrumman	Northrop Grumman	northropgrumman.com
mfs	MFS Investment Management	mfs.com
MFS	MFS Investment Management	mfs.com
oshkoshcorporation	Oshkosh	oshkoshcorp.com
Oshkosh	Oshkosh	oshkoshcorp.com
Benesch	Benesch	benesch.com
aerospace	The Aerospace Corporation	aerospace.org
The Aerospace Corporation	The Aerospace Corporation	aerospace.org
Xcel Energy	Xcel Energy	xcelenergy.com
xcelenergy	Xcel Energy	xcelenergy.com
one of our Fox Corporation subsidiaries	Fox Corporation	foxcorporation.com
theocc	Options Clearing Corporation	theocc.com
OCC	Options Clearing Corporation	theocc.com
bmo	BMO	bmo.com
keybank	KeyBank	key.com
smucker	J.M. Smucker	jmsmucker.com
fnbcorp	F.N.B. Corporation	fnb-online.com
First National Bank	F.N.B. Corporation	fnb-online.com
Johnson & Johnson	Johnson & Johnson	jnj.com
jnj	Johnson & Johnson	jnj.com
landolakes	Land O'Lakes	landolakesinc.com
ttmtech	TTM Technologies	ttm.com
allegion	Allegion	allegion.com
vermeer	Vermeer	vermeer.com
theirc	International Rescue Committee	rescue.org
ingredion	Ingredion	ingredion.com
avinc	AeroVironment	avinc.com
graco	Graco	graco.com
dukeenergy	Duke Energy	duke-energy.com
QTS where we are Powered by People	QTS Data Centers	qtsdatacenters.com
uline	Uline	uline.com
Uline	Uline	uline.com
Vertiv	Vertiv	vertiv.com
braunintertec	Braun Intertec	braunintertec.com
nvent	nVent	nvent.com
niagarawater	Niagara Bottling	niagarawater.com
Huawei Technologies Canada Co., Ltd.	Huawei Canada	huawei.com
Clarios	Clarios	clarios.com
Rockwell Automation	Rockwell Automation	rockwellautomation.com
schreiberfoods	Schreiber Foods	schreiberfoods.com
Regal Rexnord	Regal Rexnord	regalrexnord.com
mosaic	Mosaic	mosaicco.com
Neuralink	Neuralink	neuralink.com
McKesson	McKesson	mckesson.com
Johns Hopkins Applied Physics Laboratory	Johns Hopkins APL	jhuapl.edu
ameren	Ameren	ameren.com
elanco	Elanco	elanco.com
bracco	Bracco	bracco.com
guardianlife	Guardian Life	guardianlife.com
Guardian Life	Guardian Life	guardianlife.com
Schonfeld	Schonfeld	schonfeld.com
generalmotors	General Motors	gm.com
General Motors	General Motors	gm.com
GM financial	GM Financial	gmfinancial.com
entegris	Entegris	entegris.com
Entegris	Entegris	entegris.com
vanguardjobs	Vanguard	vanguard.com
Autodesk	Autodesk	autodesk.com
Philips	Philips	philips.com
sncorp	Sierra Nevada Corporation	sncorp.com
Sierra Nevada Corporation	Sierra Nevada Corporation	sncorp.com
Fifth Third Bank	Fifth Third Bank	53.com
globalfoundries	GlobalFoundries	gf.com
analogdevices	Analog Devices	analog.com
Analog Devices	Analog Devices	analog.com
EQT Corporation	EQT	eqt.com
msd	Merck	merck.com
manulife	Manulife	manulife.com
Manulife Financial	Manulife	manulife.com
Navy Federal	Navy Federal Credit Union	navyfederal.org
dow	Dow	dow.com
Motorola Solutions	Motorola Solutions	motorolasolutions.com
Motorola	Motorola Solutions	motorolasolutions.com
NVIDIA	NVIDIA	nvidia.com
nvidia	NVIDIA	nvidia.com
vrtx	Vertex Pharmaceuticals	vrtx.com
cigna	The Cigna Group	thecignagroup.com
Cigna Group	The Cigna Group	thecignagroup.com
elliottgroup	Elliott Group	elliott-turbo.com
DIRECTV	DIRECTV	directv.com
CACI	CACI	caci.com
CACI International Inc	CACI	caci.com
Procter & Gamble	Procter & Gamble	pg.com
sluhn	St. Luke's University Health Network	slhn.org
youthvillages	Youth Villages	youthvillages.org
chrobinson	C.H. Robinson	chrobinson.com
fhlbc	Federal Home Loan Bank of Chicago	fhlbc.com
plantemoran	Plante Moran	plantemoran.com
covestro	Covestro	covestro.com
archgroup	Arch Capital Group	archgroup.com
icf	ICF	icf.com
uva	University of Virginia	virginia.edu
saabusa	Saab USA	saab.com
moog	Moog	moog.com
rsmus	RSM US	rsmus.com
draper	Draper	draper.com
Draper	Draper	draper.com
hpe	Hewlett Packard Enterprise	hpe.com
Sanofi Careers	Sanofi	sanofi.com
Generac	Generac	generac.com
Cox	Cox Enterprises	coxenterprises.com
aep	American Electric Power	aep.com
hbfuller	H.B. Fuller	hbfuller.com
ConocoPhillips	ConocoPhillips	conocophillips.com
Consigli Construction	Consigli Construction	consigli.com
Bedrock Robotics	Bedrock Robotics	bedrockrobotics.com
BNY	BNY	bny.com
bbh	Brown Brothers Harriman	bbh.com
F.H. Paschen	F.H. Paschen	fhpaschen.com
BorgWarner	BorgWarner	borgwarner.com
Stryker	Stryker	stryker.com
Micron	Micron	micron.com
Micron Technology	Micron	micron.com
andersonsinc	The Andersons	andersonsinc.com
zekelman	Zekelman Industries	zekelman.com
tel	Tokyo Electron	tel.com
Tokyo Electron	Tokyo Electron	tel.com
AIG	AIG	aig.com
The Campbell's Company	The Campbell's Company	campbellsoupcompany.com
greatamericaninsurancegroup	Great American Insurance Group	greatamericaninsurancegroup.com
igsenergy	IGS Energy	igs.com
ankura	Ankura	ankura.com
General Dynamics Information Technology	GDIT	gdit.com
Ciena	Ciena	ciena.com
Sonoco	Sonoco	sonoco.com
blackrock	BlackRock	blackrock.com
Palantir	Palantir	palantir.com
Nokia	Nokia	nokia.com
Electronic Arts	Electronic Arts	ea.com
Ferrovial	Ferrovial	ferrovial.com
amat	Applied Materials	appliedmaterials.com
Pittsburgh Penguins	Pittsburgh Penguins	
Medline	Medline	medline.com
The Toro Company	The Toro Company	thetorocompany.com
thetorocompany	The Toro Company	thetorocompany.com
simon	Simon Property Group	simon.com
Gordon Food Service	Gordon Food Service	gfs.com
ercot	ERCOT	ercot.com
JPMorganChase	JPMorgan Chase	jpmorganchase.com
JP Morgan Chase	JPMorgan Chase	jpmorganchase.com
JPMC	JPMorgan Chase	jpmorganchase.com
Susquehanna International Group (SIG)	Susquehanna (SIG)	sig.com
Susquehanna	Susquehanna (SIG)	sig.com
Veeam Software	Veeam	veeam.com
3M	3M	3m.com
The Federal Reserve System	Federal Reserve	federalreserve.gov
Royal Bank of Canada	RBC	rbc.com
rbc	RBC	rbc.com
Aptiv	Aptiv	aptiv.com
hyvee	Hy-Vee	hy-vee.com
Nidec	Nidec	nidec.com
raymondjames	Raymond James	raymondjames.com
rgarecareers	RGA	rgare.com
northerntrust	Northern Trust	northerntrust.com
dimensional	Dimensional Fund Advisors	dimensional.com
Textron	Textron	textron.com
hitachi	Hitachi	hitachi.com
sentryinsurance	Sentry Insurance	sentry.com
USGA	USGA	usga.org
TD Bank	TD Bank	td.com
td	TD Bank	td.com
nelnetinc	Nelnet	nelnet.com
Copart	Copart	copart.com
Lyft	Lyft	lyft.com
Notion	Notion	notion.so
USAA	USAA	usaa.com
polaris	Polaris	polaris.com
cnoinc	CNO Financial	cnoinc.com
genesys	Genesys	genesys.com
rehlko	Rehlko	rehlko.com
worldvision	World Vision	worldvision.org
cna	CNA	cna.com
DV Trading	DV Trading	dvtrading.co
Freddie Mac	Freddie Mac	freddiemac.com
Labcorp	Labcorp	labcorp.com
LabCorp	Labcorp	labcorp.com
CIBC	CIBC	cibc.com
pentair	Pentair	pentair.com
blueorigin	Blue Origin	blueorigin.com
Blue Origin	Blue Origin	blueorigin.com
marmon	Marmon Holdings	marmon.com
Momentive	Momentive	momentive.com
Auto-Owners Insurance	Auto-Owners Insurance	auto-owners.com
Hermeus	Hermeus	hermeus.com
bakertilly	Baker Tilly	bakertilly.com
DRW	DRW	drw.com
ryancompanies	Ryan Companies	ryancompanies.com
The Hartford	The Hartford	thehartford.com
thehartford	The Hartford	thehartford.com
woodward	Woodward	woodward.com
NCR Atleos	NCR Atleos	ncratleos.com
Western Digital	Western Digital	westerndigital.com
lazboy	La-Z-Boy	la-z-boy.com
unum	Unum	unum.com
Southwest Airlines	Southwest Airlines	southwest.com
lifefitness	Life Fitness	lifefitness.com
jll	JLL	jll.com
DraftKings	DraftKings	draftkings.com
digikey	DigiKey	digikey.com
biogen	Biogen	biogen.com
lumentum	Lumentum	lumentum.com
northwesternmutual	Northwestern Mutual	northwesternmutual.com
oceansprayjobs	Ocean Spray	oceanspray.com
Brevan Howard	Brevan Howard	brevanhoward.com
Semtech	Semtech	semtech.com
semtech	Semtech	semtech.com
sonos	Sonos	sonos.com
bdo	BDO USA	bdo.com
Clearwater Analytics	Clearwater Analytics	clearwateranalytics.com
Ernst & Young	EY	ey.com
livenation	Live Nation	livenation.com
Centene – we appreciate your interest	Centene	centene.com
Gallup	Gallup	gallup.com
cbrands	Constellation Brands	cbrands.com
Citizens Financial Group	Citizens	citizensbank.com
GE Vernova	GE Vernova	gevernova.com
IMC Trading	IMC Trading	imc.com
DTCC	DTCC	dtcc.com
Etched	Etched	etched.com
nationwidechildrens	Nationwide Children's Hospital	nationwidechildrens.org
AtriCure	AtriCure	atricure.com
Adient	Adient	adient.com
axcelis	Axcelis	axcelis.com
Entrust	Entrust	entrust.com
Allison Transmission	Allison Transmission	allisontransmission.com
lilly	Eli Lilly	lilly.com
Lawrence Livermore National Laboratory (LLNL)	Lawrence Livermore National Lab	llnl.gov
onsemi	onsemi	onsemi.com
Workiva	Workiva	workiva.com
Smithfield Foods	Smithfield Foods	smithfieldfoods.com
Klaviyo	Klaviyo	klaviyo.com
Figma	Figma	figma.com
Emerson Electric	Emerson	emerson.com
flextronics	Flex	flex.com
Together AI	Together AI	together.ai
Anduril	Anduril	anduril.com
Pacific Fusion	Pacific Fusion	pacificfusion.com
Pilot Company	Pilot Company	pilotcompany.com
Skydio	Skydio	skydio.com
DriveTime	DriveTime	drivetime.com
fanniemae	Fannie Mae	fanniemae.com
Verkada	Verkada	verkada.com
Ambarella	Ambarella	ambarella.com
Virtu Financial	Virtu Financial	virtu.com
solenis	Solenis	solenis.com
Metropolitan Transportation Authority	MTA	mta.info
Deutsche Bank	Deutsche Bank	db.com
vumc	Vanderbilt University Medical Center	vumc.org
monolithicpower	Monolithic Power Systems	monolithicpower.com
Robinhood	Robinhood	robinhood.com
AbCellera	AbCellera	abcellera.com
itron	Itron	itron.com
National Geospatial-Intelligence Agency	NGA	nga.mil
Cardinal Health	Cardinal Health	cardinalhealth.com
Partnership for Public Service	Partnership for Public Service	ourpublicservice.org
Nationwide	Nationwide	nationwide.com
ivytech	Ivy Tech Community College	ivytech.edu
haleon	Haleon	haleon.com
airbus	Airbus	airbus.com
Atlassian	Atlassian	atlassian.com
unitedrentals	United Rentals	unitedrentals.com
Kairos Power	Kairos Power	kairospower.com
Tradeweb	Tradeweb	tradeweb.com
ABB	ABB	abb.com
Bloomberg	Bloomberg	bloomberg.com
humana	Humana	humana.com
Eaton	Eaton	eaton.com
Mastercard	Mastercard	mastercard.com
LSEG	LSEG	lseg.com
Invenergy	Invenergy	invenergy.com
G-Research	G-Research	gresearch.com
build your career with DPR Construction	DPR Construction	dpr.com
Lennox International	Lennox	lennox.com
flir	Teledyne FLIR	flir.com
Ameriprise	Ameriprise Financial	ameriprise.com
Gecko Robotics	Gecko Robotics	geckorobotics.com
cleco	Cleco	cleco.com
stout	Stout	stout.com
TreeHouse Foods	TreeHouse Foods	treehousefoods.com
viavisolutions	Viavi Solutions	viavisolutions.com
voya	Voya Financial	voya.com
redhat	Red Hat	redhat.com
plains	Plains All American	plains.com
Solidigm	Solidigm	solidigm.com
Edwards Lifesciences	Edwards Lifesciences	edwards.com
Western & Southern Financial Group	Western & Southern	westernsouthern.com
Barclays	Barclays	barclays.com
Invesco	Invesco	invesco.com
hp	HP	hp.com
HP IQ	HP IQ	hp.com
DoorDash USA	DoorDash	doordash.com
envista	Envista	envistaco.com
Peraton	Peraton	peraton.com
Wellmark	Wellmark Blue Cross Blue Shield	wellmark.com
Dallas Fort Worth International Airport	DFW Airport	dfwairport.com
chamberlain	Chamberlain Group	chamberlaingroup.com
neogen	Neogen	neogen.com
Catalent	Catalent	catalent.com
Excellus BCBS	Excellus BlueCross BlueShield	excellusbcbs.com
Muon Space	Muon Space	muonspace.com
Varda Space	Varda Space	varda.com
Lunar Outpost	Lunar Outpost	lunaroutpost.com
Geneva Trading	Geneva Trading	genevatrading.com
Walleye Capital	Walleye Capital	walleyecapital.com
Talos	Talos	talos.com
Rippling	Rippling	rippling.com
Danaher	Danaher	danaher.com
irhythmtech	iRhythm Technologies	irhythmtech.com
Medtronic	Medtronic	medtronic.com
minimed	MiniMed	minimed.com
Freudenberg	Freudenberg	freudenberg.com
freudenberg	Freudenberg	freudenberg.com
lockheedmartin	Lockheed Martin	lockheedmartin.com
Waymo	Waymo	waymo.com
Pinterest	Pinterest	pinterest.com
KPMG	KPMG	kpmg.com
Meta	Meta	meta.com
Ogilvy	Ogilvy	ogilvy.com
Wells Fargo	Wells Fargo	wellsfargo.com
Baird	Baird	rwbaird.com
FBI	FBI	fbi.gov
Disney	Disney	disney.com
UPS	UPS	ups.com
PepsiCo	PepsiCo	pepsico.com
TikTok	TikTok	tiktok.com
ByteDance	ByteDance	bytedance.com
Spotify	Spotify	spotify.com
LVMH	LVMH	lvmh.com
Sony Pictures	Sony Pictures	sonypictures.com
FOX Corporation	FOX Corporation	foxcorporation.com
Macy's	Macy's	macys.com
Capital One	Capital One	capitalone.com
Edison International	Edison International	edison.com
Baptist Health (Arkansas)	Baptist Health (Arkansas)	baptist-health.com
Moderna	Moderna	modernatx.com
Tesla	Tesla	tesla.com
Amazon	Amazon	amazon.com
Google	Google	google.com
Apple	Apple	apple.com
Microsoft	Microsoft	microsoft.com
AMD	AMD	amd.com
Intel	Intel	intel.com
Qualcomm	Qualcomm	qualcomm.com
Jane Street	Jane Street	janestreet.com
Jump Trading	Jump Trading	jumptrading.com
Citadel	Citadel	citadel.com
Marriott International	Marriott International	marriott.com
American Express	American Express	americanexpress.com
RTX	RTX	rtx.com
Boeing	Boeing	boeing.com
Leidos	Leidos	leidos.com
Walmart	Walmart	walmart.com
Target	Target	target.com
Deloitte	Deloitte	deloitte.com
PwC	PwC	pwc.com
EY	EY	ey.com
Zipline	Zipline	flyzipline.com
Formlabsinternships	Formlabs	formlabs.com
The Walt Disney Company	Disney	disney.com
Walt Disney	Disney	disney.com
medtronic	Medtronic	medtronic.com
salesforce	Salesforce	salesforce.com
Fox Corporation	FOX Corporation	foxcorporation.com
FOX	FOX Corporation	foxcorporation.com
Four Seasons	Four Seasons	fourseasons.com
Langan	Langan	langan.com
Rocket Lab USA	Rocket Lab	rocketlabusa.com
Olsson	Olsson	olsson.com
NBCUniversal	NBCUniversal	nbcuniversal.com
Cleveland-Cliffs	Cleveland-Cliffs	clevelandcliffs.com
Marina Bay Sands	Marina Bay Sands	marinabaysands.com
AtkinsRéalis	AtkinsRéalis	atkinsrealis.com
Amgen	Amgen	amgen.com
Bristol Myers Squibb	Bristol Myers Squibb	bms.com
Thales	Thales	thalesgroup.com
Fidelity Investments	Fidelity Investments	fidelity.com
intervarsity	InterVarsity	intervarsity.org
NXP	NXP	nxp.com
Caterpillar	Caterpillar	caterpillar.com
Qorvo	Qorvo	qorvo.com
Stand Together	Stand Together	standtogether.org
Armanino	Armanino	armanino.com
Michelin	Michelin	michelin.com
Abbott	Abbott	abbott.com
Base Power	Base Power	basepowercompany.com
American Family Insurance Group	American Family Insurance	amfam.com
Granite Construction	Granite Construction	graniteconstruction.com
Republic Airways	Republic Airways	rjet.com
Zurn Elkay Water Solutions	Zurn Elkay	zurnelkay.com
United Parcel Service	UPS	ups.com
TC Energy	TC Energy	tcenergy.com
Flagship Pioneering	Flagship Pioneering	flagshippioneering.com
Watts Water	Watts Water	watts.com
CVS Health	CVS Health	cvshealth.com
J.B. Hunt	J.B. Hunt	jbhunt.com
Corteva	Corteva	corteva.com
Bosch Home Comfort	Bosch Home Comfort	bosch-homecomfort.com
Compeer Financial	Compeer Financial	compeer.com
iqvia	IQVIA	iqvia.com
Cadence	Cadence	cadence.com
Cadence Design Systems	Cadence	cadence.com
Commerce Bank	Commerce Bank	commercebank.com
CesiumAstro	CesiumAstro	cesiumastro.com
poet	POET	poet.com
Travelers	Travelers	travelers.com
Geotab	Geotab	geotab.com
The Home Depot	The Home Depot	homedepot.com
Continental	Continental	continental.com
Conagra Brands	Conagra Brands	conagrabrands.com
Acxiom	Acxiom	acxiom.com
COUNTRY Financial	COUNTRY Financial	countryfinancial.com
Avis Budget Group	Avis Budget Group	avisbudgetgroup.com
Huntington Bancshares	Huntington Bank	huntington.com
Huntington Bank	Huntington Bank	huntington.com
Adobe	Adobe	adobe.com
Honeywell	Honeywell	honeywell.com
HMH	HMH	hmhco.com
logitech	Logitech	logitech.com
Greenheck Group	Greenheck	greenheck.com
Roland Berger	Roland Berger	rolandberger.com
Houlihan Lokey	Houlihan Lokey	hl.com
ICF International	ICF	icf.com
Rivian	Rivian	rivian.com
Avera	Avera	avera.org
Capital Group	Capital Group	capitalgroup.com
Solar Turbines (Caterpillar)	Solar Turbines	solarturbines.com
Solar Turbines	Solar Turbines	solarturbines.com
PNC Bank	PNC	pnc.com
Dow Jones	Dow Jones	dowjones.com
SharkNinja	SharkNinja	sharkninja.com
Cisco	Cisco	cisco.com
hcsc	Health Care Service Corporation	hcsc.com
iff	IFF	iff.com
pipersandler	Piper Sandler	pipersandler.com
Repsol	Repsol	repsol.com
vanderlande	Vanderlande	vanderlande.com
Avery Dennison	Avery Dennison	averydennison.com
Thrivent	Thrivent	thrivent.com
American Century Investments	American Century Investments	americancentury.com
FTI Consulting	FTI Consulting	fticonsulting.com
Visa	Visa	visa.com
GE Appliances	GE Appliances	geappliances.com
Elevance Health	Elevance Health	elevancehealth.com
Mars	Mars	mars.com
KLA	KLA	kla.com
AES	AES	aes.com
Athene	Athene	athene.com
Johns Manville	Johns Manville	jm.com
Veolia	Veolia	veolia.com
Symbotic	Symbotic	symbotic.com
GE Healthcare	GE HealthCare	gehealthcare.com
tdsynnex	TD SYNNEX	tdsynnex.com
Church & Dwight	Church & Dwight	churchdwight.com
Ibotta	Ibotta	ibotta.com
Barnes & Thornburg	Barnes & Thornburg	btlaw.com
johnsonelectric	Johnson Electric	johnsonelectric.com
wexinc	WEX	wexinc.com
Bank of America	Bank of America	bankofamerica.com
nordsonhcm	Nordson	nordson.com
kiongroup	KION Group	kiongroup.com
Saronic	Saronic	saronic.com
dupont	DuPont	dupont.com
Charles River Associates (CRA)	Charles River Associates	crai.com
The Washington Post	The Washington Post	washingtonpost.com
Intuit	Intuit	intuit.com
Diamondback Energy	Diamondback Energy	diamondbackenergy.com
Hendrick Motorsports	Hendrick Motorsports	hendrickmotorsports.com
cranecompany	Crane Company	craneco.com
K2 Space	K2 Space	k2space.com
University of Texas at Austin	University of Texas at Austin	utexas.edu
ING	ING	ing.com
Universal Orlando Resort	Universal Orlando Resort	universalorlando.com
American Bankers Association	American Bankers Association	aba.com
Insulet Corporation	Insulet	insulet.com
Protective Life	Protective Life	protective.com
Zoox	Zoox	zoox.com
Ecolab	Ecolab	ecolab.com
Wabtec	Wabtec	wabteccorp.com
Red Bull	Red Bull	redbull.com
boeing	Boeing	boeing.com
AdventHealth	AdventHealth	adventhealth.com
Trimble	Trimble	trimble.com
iberdrola	Iberdrola	iberdrola.com
Woolpert	Woolpert	woolpert.com
Equifax	Equifax	equifax.com
thinkbrg	Berkeley Research Group	thinkbrg.com
wellington	Wellington Management	wellington.com
Hypertherm	Hypertherm	hypertherm.com
The Brattle Group	The Brattle Group	brattle.com
AQR Capital Management	AQR Capital Management	aqr.com
AspenTech	AspenTech	aspentech.com
Datadog	Datadog	datadoghq.com
Immuta	Immuta	immuta.com
Burlington Stores	Burlington	burlington.com
Mayo Clinic	Mayo Clinic	mayoclinic.org
Northmarq	Northmarq	northmarq.com
boseallaboutme	Bose	bose.com
Kodiak Robotics	Kodiak Robotics	kodiak.ai
Helion Energy	Helion Energy	helionenergy.com
QuEra Computing	QuEra Computing	quera.com
Levi Strauss & Co.	Levi Strauss & Co.	levistrauss.com
Tanium	Tanium	tanium.com
Hilton	Hilton	hilton.com
Hyatt	Hyatt	hyatt.com
MGM Resorts International	MGM Resorts	mgmresorts.com
Marriott International	Marriott International	marriott.com
Royal Caribbean Group	Royal Caribbean Group	royalcaribbeangroup.com
Carnival Corporation	Carnival Corporation	carnivalcorp.com
Wyndham Hotels & Resorts	Wyndham Hotels & Resorts	wyndhamhotels.com
Choice Hotels	Choice Hotels	choicehotels.com
Johns Hopkins Medicine	Johns Hopkins Medicine	hopkinsmedicine.org
HCA Healthcare	HCA Healthcare	hcahealthcare.com
Vanderbilt University Medical Center	Vanderbilt University Medical Center	vumc.org
Baird	Baird	rwbaird.com
American Airlines	American Airlines	aa.com
United Airlines	United Airlines	united.com
Delta Air Lines	Delta Air Lines	delta.com
Live Nation	Live Nation	livenation.com
Mayo	Mayo Clinic	mayoclinic.org
